BEGIN TRANSACTION;
SET CONSTRAINTS ALL DEFERRED;
CREATE TABLE IF NOT EXISTS "schema_migrations" ("version" varchar NOT NULL PRIMARY KEY);
INSERT INTO schema_migrations VALUES('20190107144202');
INSERT INTO schema_migrations VALUES('20190107144415');
INSERT INTO schema_migrations VALUES('20190107144514');
INSERT INTO schema_migrations VALUES('20190107144749');
INSERT INTO schema_migrations VALUES('20190107144904');
INSERT INTO schema_migrations VALUES('20190107145152');
INSERT INTO schema_migrations VALUES('20190107145242');
INSERT INTO schema_migrations VALUES('20190506042012');
CREATE TABLE IF NOT EXISTS "ar_internal_metadata" ("key" varchar NOT NULL PRIMARY KEY, "value" varchar, "created_at" timestamp NOT NULL, "updated_at" timestamp NOT NULL);
INSERT INTO ar_internal_metadata VALUES('environment','development','2019-06-01 11:47:07.130194','2019-06-01 11:47:07.130194');
CREATE TABLE IF NOT EXISTS "users" ("id" SERIAL PRIMARY KEY NOT NULL, "username" varchar, "password_digest" varchar, "role" varchar, "active" boolean DEFAULT 't');
INSERT INTO users VALUES(1,'mark','$2a$10$WkcYASMSNSS8oOSs69mIXuPEikoKcayT5Zewbwisaf2RMe3/bwkcS','admin','t');
INSERT INTO users VALUES(2,'alex','$2a$10$UQrS4JH3LyN426rf81mUJOvc9XcK3bp8gD7yBYT1xrdLnx.MdCg.a','admin','t');
INSERT INTO users VALUES(3,'baker','$2a$10$o4oL0lGPpUxNKFeCwoPHueo/XoPDCSdGht3JN6/0S.C99w1G3OAcO','baker','t');
INSERT INTO users VALUES(4,'shipper','$2a$10$9jmhqjoFmfLshY86.4iyw.SAsetuCty9kc9uKhyh0uXjnTQOCzuze','shipper','t');
INSERT INTO users VALUES(5,'user1','$2a$10$pBHvRuVP6IWn1SuBSrOrmeIpYgQcKcBMVtzDgXHX.ibtQt436hOPa','customer','t');
INSERT INTO users VALUES(6,'user2','$2a$10$.8KBf1kUnSo0snF08k8jROik/EeACi2xPF1CK1ZUcADbLUoyyJjw2','customer','t');
INSERT INTO users VALUES(7,'user3','$2a$10$R962i/DkUCUEcwG.O6dMRutqQhqAay26PhPGP/SVcGUmmeaHjDA9G','customer','t');
INSERT INTO users VALUES(8,'user4','$2a$10$xaNY98hoGbXmZUY3lQQK5.Jdr3YIHsJIn0lOLeq1qt.NXHWzv99gW','customer','t');
INSERT INTO users VALUES(9,'user5','$2a$10$Fbce1qFJ7DIumvPspUSEI.SxFu7dq9SiWsko3XmuczZZd845XLW32','customer','t');
INSERT INTO users VALUES(10,'user6','$2a$10$GgzawYhtx96.fHwn5O55bujxzuHn8qi4mfekVCu4amW8BCqYVWf42','customer','t');
INSERT INTO users VALUES(11,'user7','$2a$10$gBkwn3PDsj2njBuc30Er7uG4afjE6qqaWOj0ZCHMG89ezC9VQUXDu','customer','t');
INSERT INTO users VALUES(12,'user8','$2a$10$m.xZtwQVFmJF7quUFH0oCeUTJbLMp2bxX3tnTatGNplhh2pzXVYjW','customer','t');
INSERT INTO users VALUES(13,'user9','$2a$10$PHQp/pamRqdZ75ry7MTJtuRlS32FPQB/IA91eunOXNygQoUWyWvMe','customer','t');
INSERT INTO users VALUES(14,'user10','$2a$10$Jgy8ZO4PISR9IbbZt.GzD.axqvgoLZ7dJcmDNADcpHwRzYBzVAAG.','customer','t');
INSERT INTO users VALUES(15,'user11','$2a$10$T1x6G/NDKXZYFJfvIG1jCOF6xEZFvWdSzv3Ke51e9skbHdUnMQCDO','customer','t');
INSERT INTO users VALUES(16,'user12','$2a$10$Y.cjYWtAfkUfhz/M1VFOGOxWAYQKbNiyhyNtuIcjpysl90nYUi..2','customer','t');
INSERT INTO users VALUES(17,'user13','$2a$10$TMVAgLCUZ48P.Yyr6DCQWeKyOMO7a8Z86FENqCxYN/C1mZbCdYTTO','customer','t');
INSERT INTO users VALUES(18,'user14','$2a$10$Eet4br8DpKThHn4hL2TsuOJnbaM1gWgK2im89n2wr5lp21iRFT0fq','customer','t');
INSERT INTO users VALUES(19,'user15','$2a$10$Rn1EbhvYQ.LjGj0bd07OOuAEsSQ5dKjsGuM3VPcHTOzWks05mLS1C','customer','t');
INSERT INTO users VALUES(20,'user16','$2a$10$Ygso/XK86kwfNOF6Rm7dmeRghobdgtdIk689qhd6UfQJ7GT7MgG56','customer','t');
INSERT INTO users VALUES(21,'user17','$2a$10$fP4zY2/Ush5o3ONYeSjyeufSmInqlgFdMZhpWHjFShb8k1sz4wwOa','customer','t');
INSERT INTO users VALUES(22,'user18','$2a$10$LQ9KTJPJuHn.Zfgzz49/j..p89NjdcmLF8EqvAIZErucq/hD0N70K','customer','t');
INSERT INTO users VALUES(23,'user19','$2a$10$Rvv4bzwRjjejqc2skZPerOATJWbhYO7w2epfgY7WHWktMIxqiXtXS','customer','t');
INSERT INTO users VALUES(24,'user20','$2a$10$P93c/X0vd65bCyD0NpS/cufFkfO8X7eUesx0wfguoRnPudqSsxOV2','customer','t');
INSERT INTO users VALUES(25,'user21','$2a$10$AhR3nj/chf/ijas1i4NBGeKC01tIlxHzFlG50rrFGfxz3TDON4Scy','customer','t');
INSERT INTO users VALUES(26,'user22','$2a$10$rMDJTDKZTkzd3s.YMCNVhehMRSUNpi.Zq07ikWXAACMh1jD.Zs2KO','customer','t');
INSERT INTO users VALUES(27,'user23','$2a$10$r4IdxQ1ByPNrMhkxDqH94unqnsgJR.yJHtm9w6RA0hi.D/6O6Vyni','customer','t');
INSERT INTO users VALUES(28,'user24','$2a$10$Vah1/WzM2fou9Cj8S/rID.2TRDE.P0mTd0Us64rkNUeV7uqPwtINa','customer','t');
INSERT INTO users VALUES(29,'user25','$2a$10$Qb3nWWECYOdOXuxmuyr5p.CpDX8l7W3ecx0Wd9blqoV8gw/ORhTLi','customer','t');
INSERT INTO users VALUES(30,'user26','$2a$10$rl3ft.HrXQcOp4Vwz9OFvOI2JuiDB2VSkqcfBE9EfWzEgydNwcHaq','customer','t');
INSERT INTO users VALUES(31,'user27','$2a$10$zV1WTHqb/decrWEC0ub4eeAam3hu5TVGzWGUYTe/XPHmlwSSQ1GGW','customer','t');
INSERT INTO users VALUES(32,'user28','$2a$10$LiXrhXRd7aS0.QkwJ8.4iePOR2VSDJPzTrhMXT406mq2UD.Vjab6G','customer','t');
INSERT INTO users VALUES(33,'user29','$2a$10$cm67nZBs/XrDTG.KRUSB1.eFtKZMmjwZNBSFf/8eAe0vHIEdhyr.a','customer','t');
INSERT INTO users VALUES(34,'user30','$2a$10$ThlBdM/0hA86bym5bOkDseNhv2S7GwHtuDsOiYukVaG2QjtikjvS2','customer','t');
INSERT INTO users VALUES(35,'user31','$2a$10$qr4bDYltn48kBuSVnofrBOx6d.9u816p67RrEocwfIzFSS1tIZivq','customer','t');
INSERT INTO users VALUES(36,'user32','$2a$10$K.WyCSmKA72JYbqP/u1emefBOg0nx3naYsfUUrv0x4Gf18119JDiu','customer','t');
INSERT INTO users VALUES(37,'user33','$2a$10$yCqprnvrYHGjSZPQ4wqzKeZc276z5dlTFYvqZaZ6Inv1XqmRMRev2','customer','t');
INSERT INTO users VALUES(38,'user34','$2a$10$sUchXaPE/JbXfVUz3aZ3/uUQp5LnJxWuax/fx70V3ZtpS3Wc5XgWK','customer','t');
INSERT INTO users VALUES(39,'user35','$2a$10$Oe11raKcVJuHWE9pTpj6deQwrQhnDAm3OvVQUXkMUTq/XeOD2sAWa','customer','t');
INSERT INTO users VALUES(40,'user36','$2a$10$mtHhPR/3I4LKgpZMjd0o.OkpOWASKWHwcUsXTHffOh1Nyjur5R73a','customer','t');
INSERT INTO users VALUES(41,'user37','$2a$10$XoTlyvgip8sVsqjNw9RlUuqQg1REjbYM8igAdG1Kuw8nMxK2aI0FW','customer','t');
INSERT INTO users VALUES(42,'user38','$2a$10$E.WS9ZdV4NoM17ida6oeguUgzSzbQnbYSKkvHpZl2ziS.JGKVZIVy','customer','t');
INSERT INTO users VALUES(43,'user39','$2a$10$Bver002DkFgUySgzljhsvOC7eQ9cC74KoWJ/wski.M5vEFFIs1Oj.','customer','t');
INSERT INTO users VALUES(44,'user40','$2a$10$UkNzSiygUiU/mX.z8YXU3ur1nAyrsAQOGg5OjG5NT7G9tqAnY8q5W','customer','t');
INSERT INTO users VALUES(45,'user41','$2a$10$YZtfz03QrWtfESYgnbeDdOdE/ZInD.xd8qXm4KNCrprOqByKQqZf.','customer','t');
INSERT INTO users VALUES(46,'user42','$2a$10$04WMYxU/CAIVWWp0ucTifOUpF35XuKdGiIxbB7j7D4GXovIKH0twm','customer','t');
INSERT INTO users VALUES(47,'user43','$2a$10$He6Q.kYCt4RKkVX9jciGBONrdc5jitmGHpJTD0VAj3jFEVYiaKjq.','customer','t');
INSERT INTO users VALUES(48,'user44','$2a$10$JUkM4ZM0s.lgsK25YrYxpOyN8Z9v5Ku54XzstbHlu6CZJeHwYhWLK','customer','t');
INSERT INTO users VALUES(49,'user45','$2a$10$kr0.jsFlfC7jN4JlhtZlW.WgXl4iKKnQ7qrKSHNlNmA.dUdNR/xYm','customer','t');
INSERT INTO users VALUES(50,'user46','$2a$10$RnvtdscwiYAsYOd7ce.ZF.MfM0O1CP7LEiuB3icPuhEUR03Kjvvr2','customer','t');
INSERT INTO users VALUES(51,'user47','$2a$10$Ghs66DDvXPohnypgfgmnuu7Se3t9PwYC397zrEDc4vEaZ2YS2f5ra','customer','t');
INSERT INTO users VALUES(52,'user48','$2a$10$E8S.RDaPtrwPFwRHydSEbuTdJPOU3wF8XVEYFy/kA9RzVuljSKSNO','customer','t');
INSERT INTO users VALUES(53,'user49','$2a$10$2lcBYBp2lcVlw5xWckAb/uqOIFUP5U819YXwIyJa/72C.eRPA.9QS','customer','t');
INSERT INTO users VALUES(54,'user50','$2a$10$9m0IqGFTmRszHoR2c6jca.Yrn.tnxLK30lc53Boc0mQtQYhXITCBO','customer','t');
INSERT INTO users VALUES(55,'user51','$2a$10$YPEBNNP0cj/6.VBJzAfjseHss3xMxRaVdbMEHhYXoitDtKrcdPOAC','customer','t');
INSERT INTO users VALUES(56,'user52','$2a$10$V0UAAWMY4oX1.EpxqApbXet195uI7rqWUWP21Ij9IgPCsucOMB8.m','customer','t');
INSERT INTO users VALUES(57,'user53','$2a$10$.Gu1rXvuPpWarq4fnvGcAOScwm75m0KCGvRfOsM5M348768mH43G2','customer','t');
INSERT INTO users VALUES(58,'user54','$2a$10$Tfjo9v7A4KF70dwE/neArOC/Fo00yxZ5hQYwhNLPYl3ev6iqkUZZm','customer','t');
INSERT INTO users VALUES(59,'user55','$2a$10$GXH67GLt/iZskGhwHOoUzeFKs1WljeUrvoBP7ApyNyLyYR4Dn/yMK','customer','t');
INSERT INTO users VALUES(60,'user56','$2a$10$lny/jsm5uNenW7jnmcmTdeyXQ1HpfULzq6pAnd4dq3y7gvKfe9aey','customer','t');
INSERT INTO users VALUES(61,'user57','$2a$10$7YZ/PURk8v9CZvXtKXo5ZOZQpJ7oKhk7zEZHoM8jlv5bJ7mHMDwbu','customer','t');
INSERT INTO users VALUES(62,'user58','$2a$10$We7YiM3SbWAi7/CYtY4JnuA/OtNPZLOzJgFH2smOUKyox/GMmIfc6','customer','t');
INSERT INTO users VALUES(63,'user59','$2a$10$6.0SdjZAwGUUsnwKEigliuv65pqoucK1b3X99zD3tzF5PlqPo/s.S','customer','t');
INSERT INTO users VALUES(64,'user60','$2a$10$kThrNIP/UMZ0lUxl8msCnOGvQC9l/KiIhorojWxqqDX70CWeL3PWK','customer','t');
INSERT INTO users VALUES(65,'user61','$2a$10$jXLJsJOymQs37TXBaNGVCew4UVudDXiajHy.4n4ucbw.h0W4H1xr6','customer','t');
INSERT INTO users VALUES(66,'user62','$2a$10$EGF3DSV6eStmGRJPmgQUReXZSqAJSBso2CvASdbb.i/Ats7zyg7Ya','customer','t');
INSERT INTO users VALUES(67,'user63','$2a$10$ud22Sn/bGAB/bdH7L.OgiuGALIBm.jkB/t/Jca9nhamiHUdhxICPq','customer','t');
INSERT INTO users VALUES(68,'user64','$2a$10$6V.LbDwByrjjk3Y6RhJ/oOFxBMriWM.8LdrBUHirAV6cQHFQ2c0N6','customer','t');
INSERT INTO users VALUES(69,'user65','$2a$10$mzQSwRR8gEWCDpKb6AkMC.z0UnP20jcASBRORzLw7pTC8Z1hnMIHi','customer','t');
INSERT INTO users VALUES(70,'user66','$2a$10$JEjZZLlmRYRIifYcIEgePOP2BKG8LSUgTZCLBlxtHUuags3nCdSd2','customer','t');
INSERT INTO users VALUES(71,'user67','$2a$10$1GrqOAnGACsrGb02pm1gXemhiuiwu9AH.qoIfLddLa.bWjGT9DDZC','customer','t');
INSERT INTO users VALUES(72,'user68','$2a$10$Yq2lK8qst2S2w4W6eJajWuVkB9ClwqiyJ.bK7Yc/Mb29KLF../Mm6','customer','t');
INSERT INTO users VALUES(73,'user69','$2a$10$vCii2Lh/MetU4VSb73XzyOQsoWyhp9rzGiXY5Nd/ZfbDWab5cYlY.','customer','t');
INSERT INTO users VALUES(74,'user70','$2a$10$ktYDp3HF5gFzbrysfoLIleXR.EEAZEounIqK8pbWSHJWdS4Ke9FWK','customer','t');
INSERT INTO users VALUES(75,'user71','$2a$10$Z3EghkGo0YFryRbKr8N/seR6mDTHLjFoSpTCH8GDJiLTk7GMyvbHi','customer','t');
INSERT INTO users VALUES(76,'user72','$2a$10$HkZPOCA1KRLytY43ikEUaO3MAMqUOdpo7SQ6zXYxz7a5L2TP9asf6','customer','t');
INSERT INTO users VALUES(77,'user73','$2a$10$d4pFbv0MzsRPTYTAkAiMKuYcSLUHaT0qe86bDg3wB9hTogprGormW','customer','t');
INSERT INTO users VALUES(78,'user74','$2a$10$z3nzDpGqpR5KA.ZH1MWwJOpWcG1zJYADTonWsTD5SLHE0pJkhMioW','customer','t');
INSERT INTO users VALUES(79,'user75','$2a$10$rybqm10caTXAaR621RcQiOIF3oyTTmjKrdUSWeGs03.UfKABFfv8i','customer','t');
INSERT INTO users VALUES(80,'user76','$2a$10$IHy4VCSFgJ90vIejTaHSjOi306TLAOIXh7.hlI8svnRKyTWtzihyS','customer','t');
INSERT INTO users VALUES(81,'user77','$2a$10$49sbiJ6tMElXUZ3JiUGFiOfx/9FW.xuja4C6.a1FJwVkwya.M/Lkq','customer','t');
INSERT INTO users VALUES(82,'user78','$2a$10$wSRFeHFXvhE1OEH3zqC33uUHkbuQEJRHAdVLlpZURD.SGUWYGMOgu','customer','t');
INSERT INTO users VALUES(83,'user79','$2a$10$2duQdL2IJtAAXJLDeLpDWO04hlhLRfndvYQaFbUDYFSxqKZbsIlbO','customer','t');
INSERT INTO users VALUES(84,'user80','$2a$10$KTEa7ySh7I7coNLaPBegYOd9FFkDOuM59f3QFOENN/ekW1sVZlA72','customer','t');
INSERT INTO users VALUES(85,'user81','$2a$10$sYFZkF0W6K0vEvQNvwX9SeJkcfZ.FkidocOSX6ov5kk6HRa00hRiu','customer','t');
INSERT INTO users VALUES(86,'user82','$2a$10$sr/1fWNAgtNu9dtFNvzTFO39CAcYqA89MBbS7CRvE04OPRJqoOh86','customer','t');
INSERT INTO users VALUES(87,'user83','$2a$10$k/p0ggUk7ULwZNg6eUQ/nu/eTARFe7NCjlQdyuIY2yPkyAcHhmZIi','customer','t');
INSERT INTO users VALUES(88,'user84','$2a$10$TFixX/eXsAlgSN4HMp2ewOeELX4EXixsr2Rhc6pwLBAUJ5o244dom','customer','t');
INSERT INTO users VALUES(89,'user85','$2a$10$Wgiy9SmqwjRvmAYoggCJ1eBwn9strZh/TBsbKNDlijQkangWVgfHS','customer','t');
INSERT INTO users VALUES(90,'user86','$2a$10$RknSdwDt7/7krQDn/X7HKe22nbtqQppnshgyFu.6S6Y4C/VYwGzde','customer','t');
INSERT INTO users VALUES(91,'user87','$2a$10$DWuWw99EGwjmDzW4b9XsIO2OrhjLjCNVOZl8Nz9MGvMYw.eeFKzHG','customer','t');
INSERT INTO users VALUES(92,'user88','$2a$10$1MgHC0zYXGedlMPfVL4yCuUX/aJ27CAXoyYp7Tg.OMQICQoZL.aqq','customer','t');
INSERT INTO users VALUES(93,'user89','$2a$10$EGFIDjFUv246a7lxAlsDceH81D761tjRuItdK.RvJTGVpjka89ueq','customer','t');
INSERT INTO users VALUES(94,'user90','$2a$10$D8HxCtA5cMVFskD7w3axbue7CG4hpONGHjETOQbl08HJdJskO7/1.','customer','t');
INSERT INTO users VALUES(95,'user91','$2a$10$fXlK5m7rnKjj4SCWdV0egup19ddns4XFFzkpyPcguqh56y8pBs6MO','customer','t');
INSERT INTO users VALUES(96,'user92','$2a$10$5H726z4gcFSmihYfgWGxq.APyF1pEV.XRl3Z5SIRHY0a3fnvyHKsy','customer','t');
INSERT INTO users VALUES(97,'user93','$2a$10$uwJYK9VWce58oij1/8BsYOVbAjNlphqH2aZHFXZhBCoe/ZcrLlwpe','customer','t');
INSERT INTO users VALUES(98,'user94','$2a$10$hLFYS9NgAA7cuUPReMs5Ku4EBeB.hKry9YPbzz7BwLMGHyvRObI9G','customer','t');
INSERT INTO users VALUES(99,'user95','$2a$10$vUX/6RFZS/t8qKkUTXMOEuNLixnFDir0IFluxktLqRtg5awjN/PFq','customer','t');
INSERT INTO users VALUES(100,'user96','$2a$10$UD9hjAHrtBua0/NfOhmgx.yloJYCizKmJiqjjHzJ3LM8./yuk9YD6','customer','t');
INSERT INTO users VALUES(101,'user97','$2a$10$4h40FtczE32tFlln4skshuai/uPJa2yM4TfdCGV46lF3dHgTIBNGq','customer','t');
INSERT INTO users VALUES(102,'user98','$2a$10$CWLTM1e9O.vxrFuQpDh9Gu2v/g3dBkZO95gwR0GhFT8jizAP0I5dK','customer','t');
INSERT INTO users VALUES(103,'user99','$2a$10$ZZYg1kPCDsFQW2ew66j1kuRg0a9PwM0qUdCFYqwPto/4wkXyQYXsW','customer','t');
INSERT INTO users VALUES(104,'user100','$2a$10$PODcUyzslb/hAq2fWKmFPuP2d41svNjg3CwJar0Ew15dX9IbA3A6.','customer','t');
INSERT INTO users VALUES(105,'user101','$2a$10$djU3DPXFM64WEij8YwoUI.FTrG6EHNX8yc4ixth8L2LvSym3UdHFS','customer','t');
INSERT INTO users VALUES(106,'user102','$2a$10$Wq/nLwCxi126DL3D4I32x.VY5sGBB0yGlNObEm25n2AV/DXtkFxOG','customer','t');
INSERT INTO users VALUES(107,'user103','$2a$10$e9Lw7Q6PMNRKLnilgTXKjuvl.ZTdOs3cczUWh6Tidvk8rQHCydaGG','customer','t');
INSERT INTO users VALUES(108,'user104','$2a$10$fii3gSX5OPoOASUkA2VNyeg/Co3wB975xGdEz72nRmGUsW9faozJi','customer','t');
INSERT INTO users VALUES(109,'user105','$2a$10$.yha.Vz/.zizzZSDOss/ueizAR66TWEVyDyOs4NEVKfoNEaDpsgOi','customer','t');
INSERT INTO users VALUES(110,'user106','$2a$10$uGz4FbVSlRDbPWDm4mJOf.SoftiCvGv3xOkdDwmHYBUMPo6fTDea2','customer','t');
INSERT INTO users VALUES(111,'user107','$2a$10$zKXT4cpWVpXr0O9lM7x.cOR26x8sxdAc1yT7UR9w757p5kFJda2AC','customer','t');
INSERT INTO users VALUES(112,'user108','$2a$10$EElDNXKNSPI9kDiGU.5QYedsz/ZLmULXQYuMagkHMyusk9y8DAf9i','customer','t');
INSERT INTO users VALUES(113,'user109','$2a$10$iP6DJOYmraaId/muYifPWuN30fl63/fIUpv4K812p5qc9Y/02jCRm','customer','t');
INSERT INTO users VALUES(114,'user110','$2a$10$ckf9dXBN7w.cb.Oig/KO/exLvR0ymixSikwFKd374B4p2ydZwHuHy','customer','t');
INSERT INTO users VALUES(115,'user111','$2a$10$qNJCMhIzb/w5QeZeRh8fJOuGJjt86n8oDC2OgqsPxFlhCcKAytIYe','customer','t');
INSERT INTO users VALUES(116,'user112','$2a$10$VNwLVlKGR.QOOKx7t5x7wOrxcrrNYMHm1ju9idFPhGuIVpf3/1GnO','customer','t');
INSERT INTO users VALUES(117,'user113','$2a$10$db0uRWZedkPj741INWFzVuGKFDXpbJ.ob4iUosaCloGH5ilcIVrfu','customer','t');
INSERT INTO users VALUES(118,'user114','$2a$10$3G.ugmcD96yu34Wa36x4Cef3gDcCaZm1S/CLvmy0Bejo6nbw/zeCK','customer','t');
INSERT INTO users VALUES(119,'user115','$2a$10$HzWWW.oc2nO/mFpJeyeM7OjG3UhcHNcesCXB4iXulp0FXyeXMFXb2','customer','t');
INSERT INTO users VALUES(120,'user116','$2a$10$XomscoC5IxwowDvWj/2k9uonTawHABtmQqfgH11t/f5cxwboBexDS','customer','t');
INSERT INTO users VALUES(121,'user117','$2a$10$aDxCBy.RwWrbhE36jWsZr.HuaEmrUTOBhJ8RbipnkZTOEI77Xe1PS','customer','t');
INSERT INTO users VALUES(122,'user118','$2a$10$KQyj5qFOgxPdLl//x5qiOupXjGaxwIzlZxcZwjVkHtecsv54zlCBm','customer','t');
INSERT INTO users VALUES(123,'user119','$2a$10$5Yd6swIIzFvjmDOnM.GN4eAhqy9dM1LucnTNU.lpUuN2vnAik6one','customer','t');
INSERT INTO users VALUES(124,'user120','$2a$10$GrcV6r8/s81IYwqm.Ekw7.913DR5KgBle74HWLIn2OqMn594iYJf2','customer','t');
INSERT INTO users VALUES(125,'mkornyev','$2a$10$xVPvN4EI4bD9F0wuK4g2/./rrGG1FDA/.4FHg0nSZLVTkqatm.Kdy','customer','f');
INSERT INTO users VALUES(126,'asldkl','$2a$10$sDPTjsdjnpvPA3/SY6h6Le3r7gYSf1yCc.suXSu6VMruIW8QVWtvC','customer','t');
INSERT INTO users VALUES(127,'user3000','$2a$10$7N0ZdMJq9v.LLSs8hoa/hOm/RSe9JtArun9eure9w98cz0ov8Qw7G','customer','t');
INSERT INTO users VALUES(128,'cus123','$2a$10$K1xrRAAppI3Sg.PfDJIJR.OF6OS0VY9jtzZx1kP.bLP2KW6e0OC3C','customer','t');
CREATE TABLE IF NOT EXISTS "customers" ("id" SERIAL PRIMARY KEY NOT NULL, "first_name" varchar, "last_name" varchar, "email" varchar, "phone" varchar, "user_id" integer, "active" boolean DEFAULT 't', "created_at" timestamp NOT NULL, "updated_at" timestamp NOT NULL, CONSTRAINT "fk_rails_9917eeaf5d"
FOREIGN KEY ("user_id")
  REFERENCES "users" ("id")
);
INSERT INTO customers VALUES(1,'Mark','Heimann','mark@razingrooks.org','4122682323',1,'t','2019-06-01 11:47:07.433558','2019-06-01 11:47:07.433558');
INSERT INTO customers VALUES(2,'Alex','Heimann','alex@razingrooks.org','4122683259',2,'t','2019-06-01 11:47:07.515322','2019-06-01 11:47:07.515322');
INSERT INTO customers VALUES(3,'Santino','Connelly','sconnelly74@example.com','4339774928',5,'t','2019-06-01 11:47:08.852733','2019-06-01 11:47:08.852733');
INSERT INTO customers VALUES(4,'Rita','Schulist','rschulist4@example.com','6561322790',6,'t','2019-06-01 11:47:08.929208','2019-06-01 11:47:08.929208');
INSERT INTO customers VALUES(5,'Liliana','Schowalter','lschowalter56@example.com','8080818308',7,'t','2019-06-01 11:47:09.005870','2019-06-01 11:47:09.005870');
INSERT INTO customers VALUES(6,'Tia','Sanford','tsanford89@example.com','8684274680',8,'t','2019-06-01 11:47:09.084415','2019-06-01 11:47:09.084415');
INSERT INTO customers VALUES(7,'Patricia','Zulauf','pzulauf67@example.com','0478046918',9,'t','2019-06-01 11:47:09.164035','2019-06-01 11:47:09.164035');
INSERT INTO customers VALUES(8,'Laney','Padberg','lpadberg61@example.com','8926722482',10,'t','2019-06-01 11:47:09.240255','2019-06-01 11:47:09.240255');
INSERT INTO customers VALUES(9,'Uriel','Fahey','ufahey95@example.com','2236125412',11,'t','2019-06-01 11:47:09.317945','2019-06-01 11:47:09.317945');
INSERT INTO customers VALUES(10,'Oren','Mertz','omertz77@example.com','0544723099',12,'t','2019-06-01 11:47:09.394448','2019-06-01 11:47:09.394448');
INSERT INTO customers VALUES(11,'Carmine','O''Hara','co''hara95@example.com','8233919225',13,'t','2019-06-01 11:47:09.470451','2019-06-01 11:47:09.470451');
INSERT INTO customers VALUES(12,'Josefina','Cronin','jcronin49@example.com','2192077315',14,'t','2019-06-01 11:47:09.547988','2019-06-01 11:47:09.547988');
INSERT INTO customers VALUES(13,'Deontae','Cassin','dcassin47@example.com','7772765095',15,'t','2019-06-01 11:47:09.630830','2019-06-01 11:47:09.630830');
INSERT INTO customers VALUES(14,'Eden','Larson','elarson70@example.com','5518967849',16,'t','2019-06-01 11:47:09.708112','2019-06-01 11:47:09.708112');
INSERT INTO customers VALUES(15,'Darlene','Rodriguez','drodriguez63@example.com','0255700419',17,'t','2019-06-01 11:47:09.784931','2019-06-01 11:47:09.784931');
INSERT INTO customers VALUES(16,'Zoey','Greenholt','zgreenholt53@example.com','0859040895',18,'t','2019-06-01 11:47:09.859377','2019-06-01 11:47:09.859377');
INSERT INTO customers VALUES(17,'Theo','Johns','tjohns68@example.com','1347571767',19,'t','2019-06-01 11:47:09.936151','2019-06-01 11:47:09.936151');
INSERT INTO customers VALUES(18,'Olen','Doyle','odoyle99@example.com','1820556259',20,'t','2019-06-01 11:47:10.014665','2019-06-01 11:47:10.014665');
INSERT INTO customers VALUES(19,'Joannie','Lindgren','jlindgren32@example.com','2114706875',21,'t','2019-06-01 11:47:10.094570','2019-06-01 11:47:10.094570');
INSERT INTO customers VALUES(20,'Viva','Kuvalis','vkuvalis23@example.com','2574341810',22,'t','2019-06-01 11:47:10.168397','2019-06-01 11:47:10.168397');
INSERT INTO customers VALUES(21,'Naomi','Kris','nkris28@example.com','3658939961',23,'t','2019-06-01 11:47:10.248259','2019-06-01 11:47:10.248259');
INSERT INTO customers VALUES(22,'Garett','Goldner','ggoldner54@example.com','1496441289',24,'t','2019-06-01 11:47:10.326950','2019-06-01 11:47:10.326950');
INSERT INTO customers VALUES(23,'Genesis','Howe','ghowe25@example.com','0175176816',25,'t','2019-06-01 11:47:10.403646','2019-06-01 11:47:10.403646');
INSERT INTO customers VALUES(24,'Mabel','Schumm','mschumm12@example.com','9059291306',26,'t','2019-06-01 11:47:10.480047','2019-06-01 11:47:10.480047');
INSERT INTO customers VALUES(25,'Linda','Yost','lyost58@example.com','0809651785',27,'t','2019-06-01 11:47:10.556030','2019-06-01 11:47:10.556030');
INSERT INTO customers VALUES(26,'Luna','Nikolaus','lnikolaus31@example.com','3049418394',28,'t','2019-06-01 11:47:10.633181','2019-06-01 11:47:10.633181');
INSERT INTO customers VALUES(27,'Colleen','O''Reilly','co''reilly96@example.com','9525670743',29,'t','2019-06-01 11:47:10.710560','2019-06-01 11:47:10.710560');
INSERT INTO customers VALUES(28,'Kade','Haley','khaley99@example.com','6797646083',30,'t','2019-06-01 11:47:10.791521','2019-06-01 11:47:10.791521');
INSERT INTO customers VALUES(29,'Violet','Reichert','vreichert86@example.com','3600490875',31,'t','2019-06-01 11:47:10.869282','2019-06-01 11:47:10.869282');
INSERT INTO customers VALUES(30,'Chelsie','Hammes','chammes96@example.com','7312283315',32,'t','2019-06-01 11:47:10.949026','2019-06-01 11:47:10.949026');
INSERT INTO customers VALUES(31,'Nigel','Hilll','nhilll69@example.com','8323308354',33,'t','2019-06-01 11:47:11.029098','2019-06-01 11:47:11.029098');
INSERT INTO customers VALUES(32,'Cary','White','cwhite43@example.com','6078848709',34,'t','2019-06-01 11:47:11.109037','2019-06-01 11:47:11.109037');
INSERT INTO customers VALUES(33,'Kobe','Goyette','kgoyette37@example.com','6589912097',35,'t','2019-06-01 11:47:11.188361','2019-06-01 11:47:11.188361');
INSERT INTO customers VALUES(34,'Samson','Kshlerin','skshlerin29@example.com','7792649222',36,'t','2019-06-01 11:47:11.263390','2019-06-01 11:47:11.263390');
INSERT INTO customers VALUES(35,'Zula','Koch','zkoch40@example.com','5844419928',37,'t','2019-06-01 11:47:11.341713','2019-06-01 11:47:11.341713');
INSERT INTO customers VALUES(36,'Georgiana','Ward','gward15@example.com','1630882906',38,'t','2019-06-01 11:47:11.418645','2019-06-01 11:47:11.418645');
INSERT INTO customers VALUES(37,'Keenan','Ullrich','kullrich3@example.com','3942086121',39,'t','2019-06-01 11:47:11.497735','2019-06-01 11:47:11.497735');
INSERT INTO customers VALUES(38,'Mohamed','Cole','mcole20@example.com','6240824564',40,'t','2019-06-01 11:47:11.576921','2019-06-01 11:47:11.576921');
INSERT INTO customers VALUES(39,'Noe','Blick','nblick22@example.com','8214349984',41,'t','2019-06-01 11:47:11.656968','2019-06-01 11:47:11.656968');
INSERT INTO customers VALUES(40,'Murphy','Predovic','mpredovic83@example.com','3988917011',42,'t','2019-06-01 11:47:11.735785','2019-06-01 11:47:11.735785');
INSERT INTO customers VALUES(41,'Kennedi','Koepp','kkoepp55@example.com','3951168742',43,'t','2019-06-01 11:47:11.815570','2019-06-01 11:47:11.815570');
INSERT INTO customers VALUES(42,'Cortez','Schaefer','cschaefer98@example.com','4260397020',44,'t','2019-06-01 11:47:11.896689','2019-06-01 11:47:11.896689');
INSERT INTO customers VALUES(43,'Emil','Runolfsdottir','erunolfsdottir94@example.com','5747108168',45,'t','2019-06-01 11:47:11.976104','2019-06-01 11:47:11.976104');
INSERT INTO customers VALUES(44,'Sunny','Langworth','slangworth15@example.com','8681818441',46,'t','2019-06-01 11:47:12.062432','2019-06-01 11:47:12.062432');
INSERT INTO customers VALUES(45,'Melyssa','Wiegand','mwiegand45@example.com','8952894534',47,'t','2019-06-01 11:47:12.140031','2019-06-01 11:47:12.140031');
INSERT INTO customers VALUES(46,'Marianna','Brekke','mbrekke27@example.com','6078109285',48,'t','2019-06-01 11:47:12.218293','2019-06-01 11:47:12.218293');
INSERT INTO customers VALUES(47,'Jany','Johnston','jjohnston24@example.com','1234304855',49,'t','2019-06-01 11:47:12.295025','2019-06-01 11:47:12.295025');
INSERT INTO customers VALUES(48,'Ines','Schulist','ischulist67@example.com','2187627332',50,'t','2019-06-01 11:47:12.369437','2019-06-01 11:47:12.369437');
INSERT INTO customers VALUES(49,'Euna','Effertz','eeffertz99@example.com','3264815937',51,'t','2019-06-01 11:47:12.451473','2019-06-01 11:47:12.451473');
INSERT INTO customers VALUES(50,'Carli','VonRueden','cvonrueden48@example.com','4321674383',52,'t','2019-06-01 11:47:12.531742','2019-06-01 11:47:12.531742');
INSERT INTO customers VALUES(51,'Trey','Strosin','tstrosin64@example.com','4376642441',53,'t','2019-06-01 11:47:12.609305','2019-06-01 11:47:12.609305');
INSERT INTO customers VALUES(52,'Kaycee','Treutel','ktreutel49@example.com','3364222899',54,'t','2019-06-01 11:47:12.684779','2019-06-01 11:47:12.684779');
INSERT INTO customers VALUES(53,'Tito','Kub','tkub31@example.com','3887824701',55,'t','2019-06-01 11:47:12.762765','2019-06-01 11:47:12.762765');
INSERT INTO customers VALUES(54,'Gudrun','King','gking10@example.com','1275090417',56,'t','2019-06-01 11:47:12.842940','2019-06-01 11:47:12.842940');
INSERT INTO customers VALUES(55,'Tianna','Reinger','treinger15@example.com','5666944846',57,'t','2019-06-01 11:47:12.921187','2019-06-01 11:47:12.921187');
INSERT INTO customers VALUES(56,'Claud','Hodkiewicz','chodkiewicz33@example.com','9056814994',58,'t','2019-06-01 11:47:13.001168','2019-06-01 11:47:13.001168');
INSERT INTO customers VALUES(57,'Zelma','Schowalter','zschowalter24@example.com','2599786633',59,'t','2019-06-01 11:47:13.078559','2019-06-01 11:47:13.078559');
INSERT INTO customers VALUES(58,'Brennon','Koepp','bkoepp15@example.com','0686105060',60,'t','2019-06-01 11:47:13.158791','2019-06-01 11:47:13.158791');
INSERT INTO customers VALUES(59,'Emely','Kunde','ekunde35@example.com','4486626936',61,'t','2019-06-01 11:47:13.238885','2019-06-01 11:47:13.238885');
INSERT INTO customers VALUES(60,'Rodger','Bode','rbode26@example.com','3156373336',62,'t','2019-06-01 11:47:13.318964','2019-06-01 11:47:13.318964');
INSERT INTO customers VALUES(61,'Hazle','Ondricka','hondricka98@example.com','2237381182',63,'t','2019-06-01 11:47:13.398697','2019-06-01 11:47:13.398697');
INSERT INTO customers VALUES(62,'Shanel','Weissnat','sweissnat77@example.com','5472161338',64,'t','2019-06-01 11:47:13.476029','2019-06-01 11:47:13.476029');
INSERT INTO customers VALUES(63,'Bret','Nader','bnader42@example.com','6675139118',65,'t','2019-06-01 11:47:13.554390','2019-06-01 11:47:13.554390');
INSERT INTO customers VALUES(64,'Cathrine','Runolfsdottir','crunolfsdottir3@example.com','7745208033',66,'t','2019-06-01 11:47:13.631609','2019-06-01 11:47:13.631609');
INSERT INTO customers VALUES(65,'Kamren','Windler','kwindler8@example.com','5949988335',67,'t','2019-06-01 11:47:13.708348','2019-06-01 11:47:13.708348');
INSERT INTO customers VALUES(66,'Jesse','Bosco','jbosco46@example.com','9202628010',68,'t','2019-06-01 11:47:13.785255','2019-06-01 11:47:13.785255');
INSERT INTO customers VALUES(67,'Kristofer','Kling','kkling33@example.com','4842565302',69,'t','2019-06-01 11:47:13.866989','2019-06-01 11:47:13.866989');
INSERT INTO customers VALUES(68,'Ora','Murazik','omurazik90@example.com','3070973226',70,'t','2019-06-01 11:47:13.944894','2019-06-01 11:47:13.944894');
INSERT INTO customers VALUES(69,'Brionna','Turner','bturner26@example.com','0474406539',71,'t','2019-06-01 11:47:14.024437','2019-06-01 11:47:14.024437');
INSERT INTO customers VALUES(70,'Carolyn','Kuhic','ckuhic81@example.com','0315719160',72,'t','2019-06-01 11:47:14.104507','2019-06-01 11:47:14.104507');
INSERT INTO customers VALUES(71,'Katelyn','Schiller','kschiller19@example.com','5663286124',73,'t','2019-06-01 11:47:14.181126','2019-06-01 11:47:14.181126');
INSERT INTO customers VALUES(72,'Lynn','Crona','lcrona36@example.com','1755385622',74,'t','2019-06-01 11:47:14.260177','2019-06-01 11:47:14.260177');
INSERT INTO customers VALUES(73,'Camron','Harris','charris7@example.com','3741345019',75,'t','2019-06-01 11:47:14.339458','2019-06-01 11:47:14.339458');
INSERT INTO customers VALUES(74,'Axel','Gerhold','agerhold1@example.com','6611578624',76,'t','2019-06-01 11:47:14.417995','2019-06-01 11:47:14.417995');
INSERT INTO customers VALUES(75,'Gia','Bins','gbins64@example.com','5624971341',77,'t','2019-06-01 11:47:14.494444','2019-06-01 11:47:14.494444');
INSERT INTO customers VALUES(76,'Jaqueline','Cole','jcole4@example.com','3247851518',78,'t','2019-06-01 11:47:14.575465','2019-06-01 11:47:14.575465');
INSERT INTO customers VALUES(77,'Isac','Ratke','iratke82@example.com','1917241004',79,'t','2019-06-01 11:47:14.658423','2019-06-01 11:47:14.658423');
INSERT INTO customers VALUES(78,'Naomie','Steuber','nsteuber47@example.com','3579782182',80,'t','2019-06-01 11:47:14.738541','2019-06-01 11:47:14.738541');
INSERT INTO customers VALUES(79,'Mae','Krajcik','mkrajcik26@example.com','7385013571',81,'t','2019-06-01 11:47:14.818718','2019-06-01 11:47:14.818718');
INSERT INTO customers VALUES(80,'Stevie','Goyette','sgoyette41@example.com','4923822017',82,'t','2019-06-01 11:47:14.893187','2019-06-01 11:47:14.893187');
INSERT INTO customers VALUES(81,'Pinkie','Koss','pkoss14@example.com','7895749372',83,'t','2019-06-01 11:47:14.971559','2019-06-01 11:47:14.971559');
INSERT INTO customers VALUES(82,'Lillie','Bahringer','lbahringer74@example.com','3545311289',84,'t','2019-06-01 11:47:15.052445','2019-06-01 11:47:15.052445');
INSERT INTO customers VALUES(83,'Izabella','Beer','ibeer66@example.com','2080426814',85,'t','2019-06-01 11:47:15.129513','2019-06-01 11:47:15.129513');
INSERT INTO customers VALUES(84,'Davon','Koss','dkoss28@example.com','6090214004',86,'t','2019-06-01 11:47:15.208317','2019-06-01 11:47:15.208317');
INSERT INTO customers VALUES(85,'Roberto','Howe','rhowe83@example.com','2943166391',87,'t','2019-06-01 11:47:15.282984','2019-06-01 11:47:15.282984');
INSERT INTO customers VALUES(86,'Christine','Gerhold','cgerhold6@example.com','6181725801',88,'t','2019-06-01 11:47:15.361348','2019-06-01 11:47:15.361348');
INSERT INTO customers VALUES(87,'Hattie','Hoppe','hhoppe31@example.com','2822686687',89,'t','2019-06-01 11:47:15.441531','2019-06-01 11:47:15.441531');
INSERT INTO customers VALUES(88,'Tavares','Ernser','ternser7@example.com','2262645688',90,'t','2019-06-01 11:47:15.520471','2019-06-01 11:47:15.520471');
INSERT INTO customers VALUES(89,'Charles','Johns','cjohns69@example.com','1347850010',91,'t','2019-06-01 11:47:15.596287','2019-06-01 11:47:15.596287');
INSERT INTO customers VALUES(90,'Hubert','Langworth','hlangworth11@example.com','2408737670',92,'t','2019-06-01 11:47:15.677757','2019-06-01 11:47:15.677757');
INSERT INTO customers VALUES(91,'Robyn','Green','rgreen95@example.com','8811079056',93,'t','2019-06-01 11:47:15.754996','2019-06-01 11:47:15.754996');
INSERT INTO customers VALUES(92,'Hank','Rodriguez','hrodriguez64@example.com','0311718392',94,'t','2019-06-01 11:47:15.834209','2019-06-01 11:47:15.834209');
INSERT INTO customers VALUES(93,'Adah','Schmidt','aschmidt87@example.com','8554310647',95,'t','2019-06-01 11:47:15.914690','2019-06-01 11:47:15.914690');
INSERT INTO customers VALUES(94,'Selina','Schumm','sschumm26@example.com','9335826258',96,'t','2019-06-01 11:47:15.993330','2019-06-01 11:47:15.993330');
INSERT INTO customers VALUES(95,'Eusebio','McDermott','emcdermott39@example.com','0649119384',97,'t','2019-06-01 11:47:16.071674','2019-06-01 11:47:16.071674');
INSERT INTO customers VALUES(96,'Maida','Kertzmann','mkertzmann71@example.com','2668671022',98,'t','2019-06-01 11:47:16.149882','2019-06-01 11:47:16.149882');
INSERT INTO customers VALUES(97,'Katrine','Emmerich','kemmerich43@example.com','1698049218',99,'t','2019-06-01 11:47:16.229038','2019-06-01 11:47:16.229038');
INSERT INTO customers VALUES(98,'Brisa','Krajcik','bkrajcik63@example.com','5502077589',100,'t','2019-06-01 11:47:16.306016','2019-06-01 11:47:16.306016');
INSERT INTO customers VALUES(99,'Salvador','Jacobs','sjacobs54@example.com','1771259080',101,'t','2019-06-01 11:47:16.386519','2019-06-01 11:47:16.386519');
INSERT INTO customers VALUES(100,'Mortimer','Feeney','mfeeney52@example.com','9714897208',102,'t','2019-06-01 11:47:16.466300','2019-06-01 11:47:16.466300');
INSERT INTO customers VALUES(101,'Edythe','Beier','ebeier78@example.com','9516126329',103,'t','2019-06-01 11:47:16.545176','2019-06-01 11:47:16.545176');
INSERT INTO customers VALUES(102,'Caroline','Legros','clegros64@example.com','1666305696',104,'t','2019-06-01 11:47:16.626463','2019-06-01 11:47:16.626463');
INSERT INTO customers VALUES(103,'Blake','Rowe','browe91@example.com','5657847274',105,'t','2019-06-01 11:47:16.702715','2019-06-01 11:47:16.702715');
INSERT INTO customers VALUES(104,'Winston','Nienow','wnienow81@example.com','1227044607',106,'t','2019-06-01 11:47:16.781676','2019-06-01 11:47:16.781676');
INSERT INTO customers VALUES(105,'Saige','Klocko','sklocko2@example.com','1742341969',107,'t','2019-06-01 11:47:16.860835','2019-06-01 11:47:16.860835');
INSERT INTO customers VALUES(106,'Ariel','Bogisich','abogisich44@example.com','2171974432',108,'t','2019-06-01 11:47:16.940316','2019-06-01 11:47:16.940316');
INSERT INTO customers VALUES(107,'Betsy','Lindgren','blindgren51@example.com','6657612932',109,'t','2019-06-01 11:47:17.020155','2019-06-01 11:47:17.020155');
INSERT INTO customers VALUES(108,'Kristian','Klocko','kklocko92@example.com','5471488830',110,'t','2019-06-01 11:47:17.096918','2019-06-01 11:47:17.096918');
INSERT INTO customers VALUES(109,'Donavon','Heller','dheller49@example.com','3539209592',111,'t','2019-06-01 11:47:17.180714','2019-06-01 11:47:17.180714');
INSERT INTO customers VALUES(110,'Darby','Heller','dheller28@example.com','7153065981',112,'t','2019-06-01 11:47:17.258067','2019-06-01 11:47:17.258067');
INSERT INTO customers VALUES(111,'Aiyana','Funk','afunk20@example.com','8124191568',113,'t','2019-06-01 11:47:17.336673','2019-06-01 11:47:17.336673');
INSERT INTO customers VALUES(112,'Quinn','Aufderhar','qaufderhar26@example.com','8460678162',114,'t','2019-06-01 11:47:17.415672','2019-06-01 11:47:17.415672');
INSERT INTO customers VALUES(113,'Agnes','Feeney','afeeney32@example.com','7390253621',115,'t','2019-06-01 11:47:17.496669','2019-06-01 11:47:17.496669');
INSERT INTO customers VALUES(114,'Jace','D''Amore','jd''amore57@example.com','7302633062',116,'t','2019-06-01 11:47:17.576870','2019-06-01 11:47:17.576870');
INSERT INTO customers VALUES(115,'Micheal','Willms','mwillms19@example.com','3265802646',117,'t','2019-06-01 11:47:17.655195','2019-06-01 11:47:17.655195');
INSERT INTO customers VALUES(116,'Garth','McKenzie','gmckenzie96@example.com','4691151944',118,'t','2019-06-01 11:47:17.735822','2019-06-01 11:47:17.735822');
INSERT INTO customers VALUES(117,'Annabell','Williamson','awilliamson56@example.com','6577584301',119,'t','2019-06-01 11:47:17.810442','2019-06-01 11:47:17.810442');
INSERT INTO customers VALUES(118,'Mathilde','Goodwin','mgoodwin34@example.com','3853369691',120,'t','2019-06-01 11:47:17.890719','2019-06-01 11:47:17.890719');
INSERT INTO customers VALUES(119,'Rozella','Bartoletti','rbartoletti99@example.com','0022882872',121,'t','2019-06-01 11:47:17.969634','2019-06-01 11:47:17.969634');
INSERT INTO customers VALUES(120,'Ursula','Mante','umante69@example.com','3383603168',122,'t','2019-06-01 11:47:18.051961','2019-06-01 11:47:18.051961');
INSERT INTO customers VALUES(121,'Sarai','Durgan','sdurgan94@example.com','8384404995',123,'t','2019-06-01 11:47:18.146706','2019-06-01 11:47:18.146706');
INSERT INTO customers VALUES(122,'Arch','Romaguera','aromaguera57@example.com','8753281631',124,'t','2019-06-01 11:47:18.231443','2019-06-01 11:47:18.231443');
INSERT INTO customers VALUES(123,'Max','Kornyev','mkornyev@gmail.com','3152965003',125,'f','2019-06-01 16:43:05.450733','2019-06-01 16:45:44.852592');
INSERT INTO customers VALUES(124,'Cus','Tomer','cus@gmail.com','1234561238',128,'t','2019-06-01 16:51:35.441214','2019-06-01 16:51:35.441214');
CREATE TABLE IF NOT EXISTS "addresses" ("id" SERIAL PRIMARY KEY NOT NULL, "customer_id" integer, "is_billing" boolean, "recipient" varchar, "street_1" varchar, "street_2" varchar, "city" varchar, "state" varchar, "zip" varchar, "active" boolean DEFAULT 't', CONSTRAINT "fk_rails_d5f9efddd3"
FOREIGN KEY ("customer_id")
  REFERENCES "customers" ("id")
);
INSERT INTO addresses VALUES(1,3,'t','Santino Connelly','129 Corwin Trace',NULL,'South Imani','MA','43261','t');
INSERT INTO addresses VALUES(2,4,'t','Rita Schulist','5515 Deborah Light',NULL,'New Orville','OH','17895','t');
INSERT INTO addresses VALUES(3,5,'t','Liliana Schowalter','2222 Ortiz Motorway',NULL,'Eliseoland','IA','91961','t');
INSERT INTO addresses VALUES(4,6,'t','Tia Sanford','390 Aliza Isle',NULL,'North Aleneburgh','AL','14547','t');
INSERT INTO addresses VALUES(5,7,'t','Patricia Zulauf','3093 Botsford Pine',NULL,'Jordiside','NM','78127','t');
INSERT INTO addresses VALUES(6,8,'t','Laney Padberg','381 Boehm Rapids',NULL,'Breitenbergburgh','KS','67117','t');
INSERT INTO addresses VALUES(7,8,'f','Jean Luc Picard','382 Okuneva Drive','Suite 691','McKenzieland','SC','33099','t');
INSERT INTO addresses VALUES(8,9,'t','Uriel Fahey','61091 Fleta Port',NULL,'New Nelsonshire','OK','25773','t');
INSERT INTO addresses VALUES(9,10,'t','Oren Mertz','585 Frederik Lock',NULL,'New Yolanda','IA','83035','t');
INSERT INTO addresses VALUES(10,11,'t','Carmine O''Hara','5915 Willms Groves',NULL,'Lake Estelle','NJ','86026','t');
INSERT INTO addresses VALUES(11,11,'f','James T. Kirk','7453 Kilback Summit',NULL,'Skileschester','GA','93066','t');
INSERT INTO addresses VALUES(12,12,'t','Josefina Cronin','8159 Hugh Islands',NULL,'Friedrichborough','VA','03361','t');
INSERT INTO addresses VALUES(13,13,'t','Deontae Cassin','2278 Marguerite Radial',NULL,'North Meggie','MI','96242','t');
INSERT INTO addresses VALUES(14,13,'f','James T. Kirk','7204 Ethyl Walks',NULL,'Beatricechester','NY','14567','t');
INSERT INTO addresses VALUES(15,14,'t','Eden Larson','27722 Hilpert Locks',NULL,'Mathewburgh','DE','83904','t');
INSERT INTO addresses VALUES(16,14,'f','James T. Kirk','62919 Sammie Mission',NULL,'Port Vernonton','KY','51456','t');
INSERT INTO addresses VALUES(17,15,'t','Darlene Rodriguez','5307 Champlin Avenue',NULL,'Lake Elmoreport','ID','02104','t');
INSERT INTO addresses VALUES(18,15,'f','Jean Luc Picard','72570 Marianna Ferry','Suite 811','New Lauren','DC','92084','t');
INSERT INTO addresses VALUES(19,16,'t','Zoey Greenholt','10943 Wisoky Mountain',NULL,'Ronfort','WV','24398','t');
INSERT INTO addresses VALUES(20,16,'f','Jean Luc Picard','380 Wiley Knolls','Suite 318','Narcisoport','WV','45929','t');
INSERT INTO addresses VALUES(21,17,'t','Theo Johns','222 Fiona Well',NULL,'New Tinamouth','WV','57764','t');
INSERT INTO addresses VALUES(22,18,'t','Olen Doyle','170 Harris Keys',NULL,'Alannashire','ND','93202','t');
INSERT INTO addresses VALUES(23,18,'f','James T. Kirk','11891 Mitchell Club',NULL,'Port Kiannaview','CO','55627','t');
INSERT INTO addresses VALUES(24,19,'t','Joannie Lindgren','8070 Heidenreich Ferry',NULL,'East Archibald','NH','96269','t');
INSERT INTO addresses VALUES(25,19,'f','James T. Kirk','2764 Doyle Tunnel',NULL,'Simonishaven','NE','52854','t');
INSERT INTO addresses VALUES(26,20,'t','Viva Kuvalis','364 Hodkiewicz View',NULL,'North Kyla','ND','09672','t');
INSERT INTO addresses VALUES(27,20,'f','James T. Kirk','2801 Billy Path',NULL,'Erdmanbury','GA','82633','t');
INSERT INTO addresses VALUES(28,21,'t','Naomi Kris','3117 Rowe Drive',NULL,'Carterport','ND','11702','t');
INSERT INTO addresses VALUES(29,21,'f','James T. Kirk','8966 Herman Rapids',NULL,'Annetteshire','AK','36025','t');
INSERT INTO addresses VALUES(30,22,'t','Garett Goldner','582 Wehner Crescent',NULL,'South Jillianfort','CA','44263','t');
INSERT INTO addresses VALUES(31,22,'f','James T. Kirk','99027 Hugh Causeway',NULL,'Ricefurt','HI','07665','t');
INSERT INTO addresses VALUES(32,22,'f','Jean Luc Picard','4429 Wyman Bridge','Apt. 374','Hermistonmouth','CA','38348','t');
INSERT INTO addresses VALUES(33,23,'t','Genesis Howe','11116 Bosco Ramp',NULL,'Lake Ena','NY','82687','t');
INSERT INTO addresses VALUES(34,24,'t','Mabel Schumm','3328 Cremin Brooks',NULL,'East Ulises','MI','57529','t');
INSERT INTO addresses VALUES(35,25,'t','Linda Yost','797 Carley Cliff',NULL,'East Hudson','FL','67080','t');
INSERT INTO addresses VALUES(36,26,'t','Luna Nikolaus','5055 Ratke Hill',NULL,'South Deborah','MN','31530','t');
INSERT INTO addresses VALUES(37,26,'f','James T. Kirk','941 Loy Garden',NULL,'Avisville','ID','72804','t');
INSERT INTO addresses VALUES(38,27,'t','Colleen O''Reilly','167 Hansen Views',NULL,'Port Elfrieda','TN','24585','t');
INSERT INTO addresses VALUES(39,28,'t','Kade Haley','7185 Hagenes Points',NULL,'Wehnerhaven','WA','50305','t');
INSERT INTO addresses VALUES(40,28,'f','James T. Kirk','7333 Koelpin Bypass',NULL,'Angelinafort','ND','76316','t');
INSERT INTO addresses VALUES(41,29,'t','Violet Reichert','626 Ola Crossing',NULL,'Sengerhaven','SD','14293','t');
INSERT INTO addresses VALUES(42,29,'f','Jean Luc Picard','7009 Wolf Ports','Apt. 846','Schuylershire','CT','97360','t');
INSERT INTO addresses VALUES(43,30,'t','Chelsie Hammes','126 Taurean Radial',NULL,'Ethylmouth','NE','60495','t');
INSERT INTO addresses VALUES(44,31,'t','Nigel Hilll','566 Macejkovic Streets',NULL,'West Jedediah','AR','59687','t');
INSERT INTO addresses VALUES(45,32,'t','Cary White','9595 Yazmin Walks',NULL,'Eastonside','KY','47290','t');
INSERT INTO addresses VALUES(46,33,'t','Kobe Goyette','30991 Jaron Bridge',NULL,'North Lilliana','NJ','41247','t');
INSERT INTO addresses VALUES(47,33,'f','Jean Luc Picard','67580 Jacobson Loaf','Apt. 570','Candidahaven','CO','57773','t');
INSERT INTO addresses VALUES(48,34,'t','Samson Kshlerin','86167 Chaya Road',NULL,'Gayview','OK','17275','t');
INSERT INTO addresses VALUES(49,35,'t','Zula Koch','80998 Skiles Rue',NULL,'Braunshire','SD','70682','t');
INSERT INTO addresses VALUES(50,35,'f','James T. Kirk','8149 Freddie Fords',NULL,'Goldastad','DC','88765','t');
INSERT INTO addresses VALUES(51,36,'t','Georgiana Ward','718 Fritz Park',NULL,'New Jenifer','WY','97353','t');
INSERT INTO addresses VALUES(52,37,'t','Keenan Ullrich','39042 Herzog Cliff',NULL,'North Emery','AK','29977','t');
INSERT INTO addresses VALUES(53,38,'t','Mohamed Cole','49352 Junius Passage',NULL,'Humbertoburgh','WA','50991','t');
INSERT INTO addresses VALUES(54,38,'f','James T. Kirk','25679 Kshlerin Plaza',NULL,'Erikstad','CA','30836','t');
INSERT INTO addresses VALUES(55,39,'t','Noe Blick','3110 Hahn Street',NULL,'Xaviertown','MI','24180','t');
INSERT INTO addresses VALUES(56,40,'t','Murphy Predovic','2982 Walter Branch',NULL,'New Blair','WY','26136','t');
INSERT INTO addresses VALUES(57,41,'t','Kennedi Koepp','183 Pamela Courts',NULL,'Violetland','KS','67122','t');
INSERT INTO addresses VALUES(58,42,'t','Cortez Schaefer','4111 Natasha Tunnel',NULL,'South Mortimerton','RI','72249','t');
INSERT INTO addresses VALUES(59,43,'t','Emil Runolfsdottir','91233 Oma Forest',NULL,'South Arvel','WA','75105','t');
INSERT INTO addresses VALUES(60,44,'t','Sunny Langworth','803 Mitchell Mall',NULL,'West Hillaryfurt','NV','25739','t');
INSERT INTO addresses VALUES(61,44,'f','James T. Kirk','33046 Rowe Summit',NULL,'South Donald','CA','26112','t');
INSERT INTO addresses VALUES(62,45,'t','Melyssa Wiegand','4050 Harvey Creek',NULL,'Jacobsonland','CA','90219','t');
INSERT INTO addresses VALUES(63,46,'t','Marianna Brekke','4794 Smitham Track',NULL,'South Gabeshire','OK','97776','t');
INSERT INTO addresses VALUES(64,47,'t','Jany Johnston','40718 Shea Crest',NULL,'Lake Trycia','CT','69901','t');
INSERT INTO addresses VALUES(65,47,'f','James T. Kirk','636 Heathcote Mews',NULL,'Lake Arnaldo','RI','57532','t');
INSERT INTO addresses VALUES(66,48,'t','Ines Schulist','170 Hilll Rapid',NULL,'Port Sharontown','WI','02804','t');
INSERT INTO addresses VALUES(67,48,'f','James T. Kirk','1471 Devonte Glen',NULL,'Biankaport','LA','11464','t');
INSERT INTO addresses VALUES(68,49,'t','Euna Effertz','169 Hettinger Island',NULL,'New Savanna','KS','45737','t');
INSERT INTO addresses VALUES(69,50,'t','Carli VonRueden','33320 Amira Union',NULL,'Metztown','NH','62427','t');
INSERT INTO addresses VALUES(70,51,'t','Trey Strosin','33796 Jenkins Islands',NULL,'Vivienmouth','MN','62460','t');
INSERT INTO addresses VALUES(71,51,'f','James T. Kirk','6522 Kayley Villages',NULL,'Peterton','SD','32687','t');
INSERT INTO addresses VALUES(72,52,'t','Kaycee Treutel','15531 Ruecker Mountain',NULL,'Sunnyborough','NY','16360','t');
INSERT INTO addresses VALUES(73,53,'t','Tito Kub','304 Giuseppe Corner',NULL,'West Jaunitafurt','WA','95389','t');
INSERT INTO addresses VALUES(74,53,'f','Jean Luc Picard','50220 Alfred Forest','Suite 687','East Pierce','HI','93320','t');
INSERT INTO addresses VALUES(75,54,'t','Gudrun King','9706 Declan Terrace',NULL,'South Cristal','AK','07129','t');
INSERT INTO addresses VALUES(76,55,'t','Tianna Reinger','40494 Chanel Gateway',NULL,'Ozzietown','CO','00139','t');
INSERT INTO addresses VALUES(77,55,'f','Jean Luc Picard','392 Bahringer River','Apt. 352','Devenville','VT','20182','t');
INSERT INTO addresses VALUES(78,56,'t','Claud Hodkiewicz','41543 Ricky Crossroad',NULL,'New Janice','IL','79288','t');
INSERT INTO addresses VALUES(79,56,'f','James T. Kirk','6600 Feil Pine',NULL,'Jaredport','MS','55895','t');
INSERT INTO addresses VALUES(80,56,'f','Jean Luc Picard','2640 Grant Ramp','Apt. 597','Port Christineton','KY','22949','t');
INSERT INTO addresses VALUES(81,57,'t','Zelma Schowalter','6166 Marisa Square',NULL,'North Audreanne','UT','54212','t');
INSERT INTO addresses VALUES(82,57,'f','James T. Kirk','36607 Alfredo Camp',NULL,'South Victoriachester','HI','79763','t');
INSERT INTO addresses VALUES(83,57,'f','Jean Luc Picard','11792 Rogahn Plains','Apt. 399','Cassinmouth','SD','50871','t');
INSERT INTO addresses VALUES(84,58,'t','Brennon Koepp','878 Vandervort Rest',NULL,'South Henriette','AK','12714','t');
INSERT INTO addresses VALUES(85,59,'t','Emely Kunde','10171 Jaiden Forge',NULL,'Hillardfort','AR','81681','t');
INSERT INTO addresses VALUES(86,60,'t','Rodger Bode','2110 Sammy Island',NULL,'New Fletafort','PA','05824','t');
INSERT INTO addresses VALUES(87,61,'t','Hazle Ondricka','941 Agustin Flats',NULL,'South Zettabury','NM','14066','t');
INSERT INTO addresses VALUES(88,62,'t','Shanel Weissnat','397 Audra Avenue',NULL,'Kademouth','GA','46252','t');
INSERT INTO addresses VALUES(89,62,'f','Jean Luc Picard','112 Renner Shores','Suite 557','Aliyaland','PA','49520','t');
INSERT INTO addresses VALUES(90,63,'t','Bret Nader','31592 Greenholt Brook',NULL,'Alessandrofurt','VT','93635','t');
INSERT INTO addresses VALUES(91,63,'f','James T. Kirk','36325 Gutmann Points',NULL,'New Yesseniamouth','MA','59767','t');
INSERT INTO addresses VALUES(92,64,'t','Cathrine Runolfsdottir','924 Macejkovic Club',NULL,'South Aftonhaven','WY','52089','t');
INSERT INTO addresses VALUES(93,64,'f','Jean Luc Picard','6967 Nitzsche Summit','Suite 881','Port Mariannamouth','NC','20304','t');
INSERT INTO addresses VALUES(94,65,'t','Kamren Windler','815 Barrows Crossroad',NULL,'East Charlene','TN','67895','t');
INSERT INTO addresses VALUES(95,66,'t','Jesse Bosco','54045 Maria Track',NULL,'Lebsacktown','TX','45926','t');
INSERT INTO addresses VALUES(96,66,'f','James T. Kirk','74722 Pfannerstill Valley',NULL,'South Joanyside','FL','23207','t');
INSERT INTO addresses VALUES(97,67,'t','Kristofer Kling','25585 Cronin Forks',NULL,'North Albert','HI','23169','t');
INSERT INTO addresses VALUES(98,68,'t','Ora Murazik','2259 Mozell Vista',NULL,'Jeremymouth','VT','54046','t');
INSERT INTO addresses VALUES(99,68,'f','James T. Kirk','11632 Boris Gateway',NULL,'New Lacystad','SD','16100','t');
INSERT INTO addresses VALUES(100,69,'t','Brionna Turner','475 Mills Fall',NULL,'North Sheldon','SC','11489','t');
INSERT INTO addresses VALUES(101,70,'t','Carolyn Kuhic','8809 Ferry Road',NULL,'West Michellehaven','SD','46576','t');
INSERT INTO addresses VALUES(102,71,'t','Katelyn Schiller','8524 Rafaela Ports',NULL,'North Kitty','MA','57258','t');
INSERT INTO addresses VALUES(103,71,'f','Jean Luc Picard','1540 Elias Groves','Apt. 788','Shieldsside','IA','59440','t');
INSERT INTO addresses VALUES(104,72,'t','Lynn Crona','404 Aleen Lakes',NULL,'Volkmanshire','IL','22690','t');
INSERT INTO addresses VALUES(105,72,'f','Jean Luc Picard','7114 Schneider Estates','Suite 534','South Calista','AL','41742','t');
INSERT INTO addresses VALUES(106,73,'t','Camron Harris','38123 Viviane Brooks',NULL,'Lake Charleneberg','NH','24213','t');
INSERT INTO addresses VALUES(107,73,'f','Jean Luc Picard','8438 Flossie Bypass','Suite 440','Kuhictown','NV','60774','t');
INSERT INTO addresses VALUES(108,74,'t','Axel Gerhold','8317 Easter Stravenue',NULL,'Lake Madiefurt','MD','84897','t');
INSERT INTO addresses VALUES(109,75,'t','Gia Bins','3356 Clay Junctions',NULL,'Denesikchester','MO','25870','t');
INSERT INTO addresses VALUES(110,76,'t','Jaqueline Cole','906 Adonis Ferry',NULL,'Eribertobury','AL','58074','t');
INSERT INTO addresses VALUES(111,76,'f','James T. Kirk','416 Anderson Center',NULL,'Port Ezekiel','KY','88236','t');
INSERT INTO addresses VALUES(112,77,'t','Isac Ratke','963 Claudia Island',NULL,'Lake Freddie','GA','23030','t');
INSERT INTO addresses VALUES(113,77,'f','James T. Kirk','7982 Berge Brook',NULL,'South Rylan','IN','02505','t');
INSERT INTO addresses VALUES(114,77,'f','Jean Luc Picard','587 Magdalena Cape','Apt. 868','Heatherside','ND','83623','t');
INSERT INTO addresses VALUES(115,78,'t','Naomie Steuber','87585 Guadalupe Shoal',NULL,'Port Stefanstad','NH','10619','t');
INSERT INTO addresses VALUES(116,79,'t','Mae Krajcik','526 Nolan Drive',NULL,'Hickleshire','GA','45851','t');
INSERT INTO addresses VALUES(117,79,'f','James T. Kirk','3267 Sylvia Burgs',NULL,'Brownmouth','NJ','36601','t');
INSERT INTO addresses VALUES(118,79,'f','Jean Luc Picard','31605 Crist Causeway','Apt. 789','Gislasonfurt','CA','97230','t');
INSERT INTO addresses VALUES(119,80,'t','Stevie Goyette','8124 Gleason Stream',NULL,'East Monamouth','PA','40837','t');
INSERT INTO addresses VALUES(120,81,'t','Pinkie Koss','6893 Jermain Lake',NULL,'Lucieshire','WY','25343','t');
INSERT INTO addresses VALUES(121,81,'f','James T. Kirk','5733 Ritchie Knoll',NULL,'West Reinafurt','RI','06375','t');
INSERT INTO addresses VALUES(122,81,'f','Jean Luc Picard','3741 Yundt Mountain','Suite 332','Celineton','NV','88772','t');
INSERT INTO addresses VALUES(123,82,'t','Lillie Bahringer','731 Gulgowski Canyon',NULL,'Simoneview','OK','35360','t');
INSERT INTO addresses VALUES(124,83,'t','Izabella Beer','91564 Homenick Springs',NULL,'Bernardoland','ND','03434','t');
INSERT INTO addresses VALUES(125,83,'f','James T. Kirk','84630 Wolf Junction',NULL,'Jovanville','NC','32296','t');
INSERT INTO addresses VALUES(126,83,'f','Jean Luc Picard','254 Mosciski Avenue','Apt. 902','East Ileneport','WV','64190','t');
INSERT INTO addresses VALUES(127,84,'t','Davon Koss','9908 Gerlach Meadow',NULL,'North Clotilde','MD','32555','t');
INSERT INTO addresses VALUES(128,84,'f','James T. Kirk','64512 Oswald Light',NULL,'New Kiarastad','ID','98678','t');
INSERT INTO addresses VALUES(129,85,'t','Roberto Howe','8033 Rosendo Trafficway',NULL,'Wilhelminestad','TX','45243','t');
INSERT INTO addresses VALUES(130,86,'t','Christine Gerhold','1621 Jakubowski Radial',NULL,'Yoshikotown','TN','26137','t');
INSERT INTO addresses VALUES(131,87,'t','Hattie Hoppe','3510 Wilkinson Loop',NULL,'West Berylport','CT','34417','t');
INSERT INTO addresses VALUES(132,87,'f','Jean Luc Picard','9230 Effertz Falls','Suite 477','Eldredbury','LA','12786','t');
INSERT INTO addresses VALUES(133,88,'t','Tavares Ernser','17133 Pacocha Overpass',NULL,'Haleytown','NV','96728','t');
INSERT INTO addresses VALUES(134,88,'f','Jean Luc Picard','723 Adams Bypass','Apt. 472','West Bernice','MO','89134','t');
INSERT INTO addresses VALUES(135,89,'t','Charles Johns','65762 Sedrick Island',NULL,'Glendaton','IL','98126','t');
INSERT INTO addresses VALUES(136,89,'f','James T. Kirk','946 Berge Bypass',NULL,'Willmschester','AL','97632','t');
INSERT INTO addresses VALUES(137,90,'t','Hubert Langworth','981 Thiel Bypass',NULL,'Blandastad','ND','53965','t');
INSERT INTO addresses VALUES(138,91,'t','Robyn Green','925 Casper Spring',NULL,'West Corrine','SC','92090','t');
INSERT INTO addresses VALUES(139,91,'f','James T. Kirk','5584 Autumn Union',NULL,'Brekkeborough','NY','35745','t');
INSERT INTO addresses VALUES(140,92,'t','Hank Rodriguez','373 Lucienne Curve',NULL,'Fadeltown','WY','24435','t');
INSERT INTO addresses VALUES(141,93,'t','Adah Schmidt','885 Miller Parkway',NULL,'South Davion','PA','38870','t');
INSERT INTO addresses VALUES(142,93,'f','James T. Kirk','940 Mueller Oval',NULL,'North Breanna','SC','02617','t');
INSERT INTO addresses VALUES(143,94,'t','Selina Schumm','25197 Ziemann Island',NULL,'South Virginia','HI','93916','t');
INSERT INTO addresses VALUES(144,94,'f','James T. Kirk','2264 Lind Run',NULL,'Uliceshaven','NC','83533','t');
INSERT INTO addresses VALUES(145,95,'t','Eusebio McDermott','12122 Larry Light',NULL,'Tomhaven','IA','86476','t');
INSERT INTO addresses VALUES(146,95,'f','James T. Kirk','6632 Hank Greens',NULL,'New Bulah','SD','51394','t');
INSERT INTO addresses VALUES(147,96,'t','Maida Kertzmann','1867 Caitlyn Port',NULL,'South Emmett','MD','37282','t');
INSERT INTO addresses VALUES(148,97,'t','Katrine Emmerich','2153 Lakin Camp',NULL,'Alejandrinberg','MS','78585','t');
INSERT INTO addresses VALUES(149,97,'f','James T. Kirk','7651 Lang Creek',NULL,'Revachester','MT','36260','t');
INSERT INTO addresses VALUES(150,98,'t','Brisa Krajcik','412 Dare Rapid',NULL,'New Jacklynport','PA','81844','t');
INSERT INTO addresses VALUES(151,99,'t','Salvador Jacobs','46241 Kali Port',NULL,'East Walton','FL','37170','t');
INSERT INTO addresses VALUES(152,100,'t','Mortimer Feeney','3267 Maynard Pines',NULL,'Mauriciomouth','OH','58106','t');
INSERT INTO addresses VALUES(153,100,'f','James T. Kirk','509 Devyn Mountain',NULL,'Lake Hunter','DC','81566','t');
INSERT INTO addresses VALUES(154,100,'f','Jean Luc Picard','6918 Linnie Shoal','Suite 506','South Anastasiaview','AZ','92027','t');
INSERT INTO addresses VALUES(155,101,'t','Edythe Beier','840 Anika Key',NULL,'North Philip','AK','71714','t');
INSERT INTO addresses VALUES(156,101,'f','James T. Kirk','275 Amy Forge',NULL,'West Oliverview','WV','74774','t');
INSERT INTO addresses VALUES(157,101,'f','Jean Luc Picard','6525 Trantow Pines','Apt. 674','South Carolinaburgh','AZ','76396','t');
INSERT INTO addresses VALUES(158,102,'t','Caroline Legros','51778 Jackson Tunnel',NULL,'Wolffurt','VA','39528','t');
INSERT INTO addresses VALUES(159,102,'f','James T. Kirk','155 Bergstrom Mission',NULL,'North Margarete','MA','81383','t');
INSERT INTO addresses VALUES(160,103,'t','Blake Rowe','2530 Teagan Passage',NULL,'Cartwrightfurt','IL','04297','t');
INSERT INTO addresses VALUES(161,104,'t','Winston Nienow','882 Hickle Ports',NULL,'East Majorshire','DE','69095','t');
INSERT INTO addresses VALUES(162,105,'t','Saige Klocko','48917 Funk Locks',NULL,'East Emelia','AL','35470','t');
INSERT INTO addresses VALUES(163,105,'f','James T. Kirk','51034 Brekke Turnpike',NULL,'New Judd','NH','12470','t');
INSERT INTO addresses VALUES(164,106,'t','Ariel Bogisich','583 VonRueden Light',NULL,'Thompsonview','WA','66784','t');
INSERT INTO addresses VALUES(165,106,'f','James T. Kirk','304 Cyrus Trail',NULL,'North Desiree','FL','79469','t');
INSERT INTO addresses VALUES(166,107,'t','Betsy Lindgren','23546 Gulgowski Walks',NULL,'Maximoville','SD','35029','t');
INSERT INTO addresses VALUES(167,107,'f','Jean Luc Picard','223 Cassidy Row','Suite 563','Kuhnberg','FL','83351','t');
INSERT INTO addresses VALUES(168,108,'t','Kristian Klocko','2153 Elias Ridge',NULL,'Rollinland','ND','51365','t');
INSERT INTO addresses VALUES(169,109,'t','Donavon Heller','5497 Orpha Orchard',NULL,'Port Norval','KY','29132','t');
INSERT INTO addresses VALUES(170,109,'f','James T. Kirk','99435 Geovanni Curve',NULL,'East Myrna','SC','10679','t');
INSERT INTO addresses VALUES(171,110,'t','Darby Heller','8110 Ana Field',NULL,'Jacobsonhaven','DC','42008','t');
INSERT INTO addresses VALUES(172,110,'f','James T. Kirk','9459 Champlin Wells',NULL,'Mariliehaven','LA','77565','t');
INSERT INTO addresses VALUES(173,110,'f','Jean Luc Picard','10987 Olson Roads','Suite 966','New Pearlie','MD','00704','t');
INSERT INTO addresses VALUES(174,111,'t','Aiyana Funk','20322 Kassulke Neck',NULL,'Robertfort','WV','09367','t');
INSERT INTO addresses VALUES(175,112,'t','Quinn Aufderhar','894 Monahan Mission',NULL,'West Clement','NV','61725','t');
INSERT INTO addresses VALUES(176,113,'t','Agnes Feeney','377 Sherwood Views',NULL,'Kshlerinberg','NE','60413','t');
INSERT INTO addresses VALUES(177,114,'t','Jace D''Amore','536 Madge Forks',NULL,'Ullrichmouth','DE','15879','t');
INSERT INTO addresses VALUES(178,114,'f','Jean Luc Picard','6626 Spinka Forks','Suite 767','Georgiannaville','NV','30413','t');
INSERT INTO addresses VALUES(179,115,'t','Micheal Willms','484 Harmon Centers',NULL,'Rathville','AR','42750','t');
INSERT INTO addresses VALUES(180,115,'f','Jean Luc Picard','208 Crystal Cliffs','Apt. 798','North Conrad','OH','63001','t');
INSERT INTO addresses VALUES(181,116,'t','Garth McKenzie','27992 Tromp Landing',NULL,'Lethahaven','OR','87802','t');
INSERT INTO addresses VALUES(182,116,'f','James T. Kirk','44208 Conrad Alley',NULL,'West Lowellport','SD','62679','t');
INSERT INTO addresses VALUES(183,117,'t','Annabell Williamson','67534 Carroll Viaduct',NULL,'Wintheiserside','MT','72774','t');
INSERT INTO addresses VALUES(184,117,'f','James T. Kirk','725 Darrel Estates',NULL,'Towneland','TX','00961','t');
INSERT INTO addresses VALUES(185,118,'t','Mathilde Goodwin','7503 Dorothy Drives',NULL,'New Cletaberg','CA','98187','t');
INSERT INTO addresses VALUES(186,118,'f','Jean Luc Picard','2072 Marion Isle','Apt. 188','North Arnaldo','CA','50223','t');
INSERT INTO addresses VALUES(187,119,'t','Rozella Bartoletti','650 Martina Mission',NULL,'North Alexanderchester','LA','34016','t');
INSERT INTO addresses VALUES(188,119,'f','Jean Luc Picard','2986 Merritt Trace','Apt. 491','Port Adam','AZ','28526','t');
INSERT INTO addresses VALUES(189,120,'t','Ursula Mante','8238 Kian Route',NULL,'Lake Maximillia','MI','80929','t');
INSERT INTO addresses VALUES(190,121,'t','Sarai Durgan','29542 Desiree Curve',NULL,'Danykachester','LA','30469','t');
INSERT INTO addresses VALUES(191,121,'f','James T. Kirk','533 Kennith Canyon',NULL,'Labadiestad','NY','85763','t');
INSERT INTO addresses VALUES(192,122,'t','Arch Romaguera','7533 Tillman Ports',NULL,'Prosaccoton','AR','30321','t');
INSERT INTO addresses VALUES(193,122,'f','James T. Kirk','57529 Schneider Islands',NULL,'East Icie','KS','81347','t');
CREATE TABLE IF NOT EXISTS "items" ("id" SERIAL PRIMARY KEY NOT NULL, "name" varchar, "description" text, "category" varchar, "units_per_item" integer, "weight" float, "active" boolean DEFAULT 't', "picture" varchar);
INSERT INTO items VALUES(1,'Honey Wheat Bread','Our original bread made with stone ground flour, clover honey and a lot of love. This versatile bread is great for toast, sandwiches, formal dinners and just when you need to munch.','bread',1,1.0,'t',NULL);
INSERT INTO items VALUES(2,'Cinnamon Swirl Bread','Your family will be impressed with the soft texture and appealing swirls of cinnamon in these lovely breakfast loaves.','bread',1,1.0,'t',NULL);
INSERT INTO items VALUES(3,'Apple Cherry Bread','A delicious bread made with white flour, dried cherries and dried apples.  This yummy bread makes great holiday gifts for friends and family!','bread',1,1.1999999999999999555,'t',NULL);
INSERT INTO items VALUES(4,'Sourdough Bread','It is a white bread characterized by a pronounced sourness because the dough is allowed to ferment.  Our style of sourdough is the San Francisco variety, one of the most popular in the world.  Sourdough is popular because of its ability to combine well with seafoods and soups, such as cioppino, clam chowder, and chili.','bread',1,1.1000000000000000888,'f',NULL);
INSERT INTO items VALUES(5,'Challah Bread','This is a Jewish egg bread that''s braided for a beautiful presentation. We top ours with poppy seeds for a special touch.','bread',1,0.9000000000000000222,'t',NULL);
INSERT INTO items VALUES(6,'Blueberry Muffins','A dozen of our most popular muffins. We use the same recipie our grandmother did to make her award-winning blueberry muffins.','muffins',12,1.0,'t',NULL);
INSERT INTO items VALUES(7,'Chocolate Zucchini Muffins','A tasty recipie our mom used to make to get us to eat our veggies as often as possible with the least complaining possible. Your kids will love them too!','muffins',12,1.1000000000000000888,'t',NULL);
INSERT INTO items VALUES(8,'Apple Carrot Muffins','Another recipie from mom to promote veggies in every meal.  These muffins contain fresh apple bits and shredded carrots.','muffins',12,1.1000000000000000888,'t',NULL);
INSERT INTO items VALUES(9,'Crossiants','A staple of French cuisine, our crossiants are light, fluffy and buttery.','pastries',4,1.0,'t',NULL);
INSERT INTO items VALUES(10,'Max''s Test Item','A really fun test item','bread',1,998.99999999999999997,'t',NULL);
CREATE TABLE IF NOT EXISTS "item_prices" ("id" SERIAL PRIMARY KEY NOT NULL, "item_id" integer, "price" float, "start_date" date, "end_date" date, CONSTRAINT "fk_rails_30c7a965d1"
FOREIGN KEY ("item_id")
  REFERENCES "items" ("id")
);
INSERT INTO item_prices VALUES(1,1,3.9500000000000001776,'2017-06-01','2018-03-31');
INSERT INTO item_prices VALUES(2,1,4.25,'2018-04-01','2018-08-10');
INSERT INTO item_prices VALUES(3,1,4.75,'2018-08-11','2018-11-30');
INSERT INTO item_prices VALUES(4,1,4.9500000000000001776,'2018-12-01','2019-05-03');
INSERT INTO item_prices VALUES(5,1,5.25,'2019-05-04',NULL);
INSERT INTO item_prices VALUES(6,2,4.25,'2017-06-01','2018-04-30');
INSERT INTO item_prices VALUES(7,2,4.75,'2018-05-01','2018-12-02');
INSERT INTO item_prices VALUES(8,2,4.9500000000000001776,'2018-12-03','2019-05-10');
INSERT INTO item_prices VALUES(9,2,5.5,'2019-05-11',NULL);
INSERT INTO item_prices VALUES(10,3,4.9500000000000001776,'2018-06-01','2018-11-30');
INSERT INTO item_prices VALUES(11,3,5.9500000000000001776,'2018-12-01','2019-05-17');
INSERT INTO item_prices VALUES(12,3,6.9500000000000001776,'2019-05-18',NULL);
INSERT INTO item_prices VALUES(13,4,4.25,'2017-06-01','2018-04-30');
INSERT INTO item_prices VALUES(14,4,4.75,'2018-05-01','2018-12-02');
INSERT INTO item_prices VALUES(15,4,4.9500000000000001776,'2018-12-03','2019-05-10');
INSERT INTO item_prices VALUES(16,4,5.5,'2019-05-11',NULL);
INSERT INTO item_prices VALUES(17,5,4.9500000000000001776,'2018-04-01','2018-11-30');
INSERT INTO item_prices VALUES(18,5,5.5,'2018-12-01','2019-05-17');
INSERT INTO item_prices VALUES(19,5,5.75,'2019-05-18',NULL);
INSERT INTO item_prices VALUES(20,6,7.9500000000000001776,'2018-06-01','2018-11-30');
INSERT INTO item_prices VALUES(21,6,8.5,'2018-12-01','2019-05-24');
INSERT INTO item_prices VALUES(22,6,8.9499999999999992894,'2019-05-25',NULL);
INSERT INTO item_prices VALUES(23,7,7.9500000000000001776,'2018-06-01','2018-11-30');
INSERT INTO item_prices VALUES(24,7,8.5,'2018-12-01','2019-05-17');
INSERT INTO item_prices VALUES(25,7,9.25,'2019-05-18',NULL);
INSERT INTO item_prices VALUES(26,8,7.9500000000000001776,'2018-06-01','2018-11-30');
INSERT INTO item_prices VALUES(27,8,8.5,'2018-12-01','2019-05-17');
INSERT INTO item_prices VALUES(28,8,8.9499999999999992894,'2019-05-18',NULL);
INSERT INTO item_prices VALUES(29,9,9.5,'2018-12-01',NULL);
INSERT INTO item_prices VALUES(30,10,1.9899999999999999911,'2019-06-02',NULL);
CREATE TABLE IF NOT EXISTS "orders" ("id" SERIAL PRIMARY KEY NOT NULL, "customer_id" integer, "address_id" integer, "date" date, "grand_total" float, "payment_receipt" varchar, CONSTRAINT "fk_rails_3dad120da9"
FOREIGN KEY ("customer_id")
  REFERENCES "customers" ("id")
, CONSTRAINT "fk_rails_774ef80392"
FOREIGN KEY ("address_id")
  REFERENCES "addresses" ("id")
);
INSERT INTO orders VALUES(1,3,1,'2019-03-09',96.200000000000002843,replace('b3JkZXI6IDE7IGFtb3VudF9wYWlkOiA5Ni4yOyByZWNlaXZlZDogMjAxOS0w\nMy0wOTsgY2FyZDogVklTQSAqKioqOTAxMjsgYmlsbGluZyB6aXA6IDQzMjYx\n','\n',char(10)));
INSERT INTO orders VALUES(2,3,1,'2019-01-20',51.35000000000000142,replace('b3JkZXI6IDI7IGFtb3VudF9wYWlkOiA1MS4zNTsgcmVjZWl2ZWQ6IDIwMTkt\nMDEtMjA7IGNhcmQ6IFZJU0EgKioqKjkwMTI7IGJpbGxpbmcgemlwOiA0MzI2\nMQ==\n','\n',char(10)));
INSERT INTO orders VALUES(3,3,1,'2019-05-19',54.749999999999999999,replace('b3JkZXI6IDM7IGFtb3VudF9wYWlkOiA1NC43NTsgcmVjZWl2ZWQ6IDIwMTkt\nMDUtMTk7IGNhcmQ6IFZJU0EgKioqKjkwMTI7IGJpbGxpbmcgemlwOiA0MzI2\nMQ==\n','\n',char(10)));
INSERT INTO orders VALUES(4,3,1,'2019-01-24',45.600000000000001421,replace('b3JkZXI6IDQ7IGFtb3VudF9wYWlkOiA0NS42OyByZWNlaXZlZDogMjAxOS0w\nMS0yNDsgY2FyZDogVklTQSAqKioqOTAxMjsgYmlsbGluZyB6aXA6IDQzMjYx\n','\n',char(10)));
INSERT INTO orders VALUES(5,3,1,'2019-05-08',42.60000000000000142,replace('b3JkZXI6IDU7IGFtb3VudF9wYWlkOiA0Mi42OyByZWNlaXZlZDogMjAxOS0w\nNS0wODsgY2FyZDogVklTQSAqKioqOTAxMjsgYmlsbGluZyB6aXA6IDQzMjYx\n','\n',char(10)));
INSERT INTO orders VALUES(6,3,1,'2019-03-16',40.14999999999999858,replace('b3JkZXI6IDY7IGFtb3VudF9wYWlkOiA0MC4xNTsgcmVjZWl2ZWQ6IDIwMTkt\nMDMtMTY7IGNhcmQ6IFZJU0EgKioqKjkwMTI7IGJpbGxpbmcgemlwOiA0MzI2\nMQ==\n','\n',char(10)));
INSERT INTO orders VALUES(7,3,1,'2019-01-05',52.200000000000002843,replace('b3JkZXI6IDc7IGFtb3VudF9wYWlkOiA1Mi4yOyByZWNlaXZlZDogMjAxOS0w\nMS0wNTsgY2FyZDogVklTQSAqKioqOTAxMjsgYmlsbGluZyB6aXA6IDQzMjYx\n','\n',char(10)));
INSERT INTO orders VALUES(8,3,1,'2019-01-04',32.999999999999999999,replace('b3JkZXI6IDg7IGFtb3VudF9wYWlkOiAzMy4wOyByZWNlaXZlZDogMjAxOS0w\nMS0wNDsgY2FyZDogVklTQSAqKioqOTAxMjsgYmlsbGluZyB6aXA6IDQzMjYx\n','\n',char(10)));
INSERT INTO orders VALUES(9,3,1,'2019-05-15',7.9500000000000001776,replace('b3JkZXI6IDk7IGFtb3VudF9wYWlkOiA3Ljk1OyByZWNlaXZlZDogMjAxOS0w\nNS0xNTsgY2FyZDogVklTQSAqKioqOTAxMjsgYmlsbGluZyB6aXA6IDQzMjYx\n','\n',char(10)));
INSERT INTO orders VALUES(10,3,1,'2019-01-05',66.400000000000005684,replace('b3JkZXI6IDEwOyBhbW91bnRfcGFpZDogNjYuNDsgcmVjZWl2ZWQ6IDIwMTkt\nMDEtMDU7IGNhcmQ6IFZJU0EgKioqKjkwMTI7IGJpbGxpbmcgemlwOiA0MzI2\nMQ==\n','\n',char(10)));
INSERT INTO orders VALUES(11,3,1,'2019-05-05',61.999999999999999998,replace('b3JkZXI6IDExOyBhbW91bnRfcGFpZDogNjIuMDsgcmVjZWl2ZWQ6IDIwMTkt\nMDUtMDU7IGNhcmQ6IFZJU0EgKioqKjkwMTI7IGJpbGxpbmcgemlwOiA0MzI2\nMQ==\n','\n',char(10)));
INSERT INTO orders VALUES(12,3,1,'2019-03-03',19.0,replace('b3JkZXI6IDEyOyBhbW91bnRfcGFpZDogMTkuMDsgcmVjZWl2ZWQ6IDIwMTkt\nMDMtMDM7IGNhcmQ6IFZJU0EgKioqKjkwMTI7IGJpbGxpbmcgemlwOiA0MzI2\nMQ==\n','\n',char(10)));
INSERT INTO orders VALUES(13,4,2,'2019-03-25',30.30000000000000071,replace('b3JkZXI6IDEzOyBhbW91bnRfcGFpZDogMzAuMzsgcmVjZWl2ZWQ6IDIwMTkt\nMDMtMjU7IGNhcmQ6IFZJU0EgKioqKjkwMTI7IGJpbGxpbmcgemlwOiAxNzg5\nNQ==\n','\n',char(10)));
INSERT INTO orders VALUES(14,4,2,'2019-02-09',6.9500000000000001776,replace('b3JkZXI6IDE0OyBhbW91bnRfcGFpZDogNi45NTsgcmVjZWl2ZWQ6IDIwMTkt\nMDItMDk7IGNhcmQ6IFZJU0EgKioqKjkwMTI7IGJpbGxpbmcgemlwOiAxNzg5\nNQ==\n','\n',char(10)));
INSERT INTO orders VALUES(15,4,2,'2019-03-04',18.5,replace('b3JkZXI6IDE1OyBhbW91bnRfcGFpZDogMTguNTsgcmVjZWl2ZWQ6IDIwMTkt\nMDMtMDQ7IGNhcmQ6IFZJU0EgKioqKjkwMTI7IGJpbGxpbmcgemlwOiAxNzg5\nNQ==\n','\n',char(10)));
INSERT INTO orders VALUES(16,5,3,'2019-04-19',19.0,replace('b3JkZXI6IDE2OyBhbW91bnRfcGFpZDogMTkuMDsgcmVjZWl2ZWQ6IDIwMTkt\nMDQtMTk7IGNhcmQ6IFZJU0EgKioqKjkwMTI7IGJpbGxpbmcgemlwOiA5MTk2\nMQ==\n','\n',char(10)));
INSERT INTO orders VALUES(17,5,3,'2019-01-19',24.5,replace('b3JkZXI6IDE3OyBhbW91bnRfcGFpZDogMjQuNTsgcmVjZWl2ZWQ6IDIwMTkt\nMDEtMTk7IGNhcmQ6IFZJU0EgKioqKjkwMTI7IGJpbGxpbmcgemlwOiA5MTk2\nMQ==\n','\n',char(10)));
INSERT INTO orders VALUES(18,5,3,'2019-02-01',27.5,replace('b3JkZXI6IDE4OyBhbW91bnRfcGFpZDogMjcuNTsgcmVjZWl2ZWQ6IDIwMTkt\nMDItMDE7IGNhcmQ6IFZJU0EgKioqKjkwMTI7IGJpbGxpbmcgemlwOiA5MTk2\nMQ==\n','\n',char(10)));
INSERT INTO orders VALUES(19,5,3,'2019-02-17',67.599999999999994316,replace('b3JkZXI6IDE5OyBhbW91bnRfcGFpZDogNjcuNjsgcmVjZWl2ZWQ6IDIwMTkt\nMDItMTc7IGNhcmQ6IFZJU0EgKioqKjkwMTI7IGJpbGxpbmcgemlwOiA5MTk2\nMQ==\n','\n',char(10)));
INSERT INTO orders VALUES(20,5,3,'2019-04-16',28.899999999999998578,replace('b3JkZXI6IDIwOyBhbW91bnRfcGFpZDogMjguOTsgcmVjZWl2ZWQ6IDIwMTkt\nMDQtMTY7IGNhcmQ6IFZJU0EgKioqKjkwMTI7IGJpbGxpbmcgemlwOiA5MTk2\nMQ==\n','\n',char(10)));
INSERT INTO orders VALUES(21,5,3,'2019-01-01',40.400000000000005685,replace('b3JkZXI6IDIxOyBhbW91bnRfcGFpZDogNDAuNDAwMDAwMDAwMDAwMDA2OyBy\nZWNlaXZlZDogMjAxOS0wMS0wMTsgY2FyZDogVklTQSAqKioqOTAxMjsgYmls\nbGluZyB6aXA6IDkxOTYx\n','\n',char(10)));
INSERT INTO orders VALUES(22,5,3,'2019-03-17',24.0,replace('b3JkZXI6IDIyOyBhbW91bnRfcGFpZDogMjQuMDsgcmVjZWl2ZWQ6IDIwMTkt\nMDMtMTc7IGNhcmQ6IFZJU0EgKioqKjkwMTI7IGJpbGxpbmcgemlwOiA5MTk2\nMQ==\n','\n',char(10)));
INSERT INTO orders VALUES(23,5,3,'2019-01-13',13.900000000000000355,replace('b3JkZXI6IDIzOyBhbW91bnRfcGFpZDogMTMuOTsgcmVjZWl2ZWQ6IDIwMTkt\nMDEtMTM7IGNhcmQ6IFZJU0EgKioqKjkwMTI7IGJpbGxpbmcgemlwOiA5MTk2\nMQ==\n','\n',char(10)));
INSERT INTO orders VALUES(24,5,3,'2019-05-21',44.399999999999998578,replace('b3JkZXI6IDI0OyBhbW91bnRfcGFpZDogNDQuNDsgcmVjZWl2ZWQ6IDIwMTkt\nMDUtMjE7IGNhcmQ6IFZJU0EgKioqKjkwMTI7IGJpbGxpbmcgemlwOiA5MTk2\nMQ==\n','\n',char(10)));
INSERT INTO orders VALUES(25,5,3,'2019-01-20',10.499999999999999999,replace('b3JkZXI6IDI1OyBhbW91bnRfcGFpZDogMTAuNTsgcmVjZWl2ZWQ6IDIwMTkt\nMDEtMjA7IGNhcmQ6IFZJU0EgKioqKjkwMTI7IGJpbGxpbmcgemlwOiA5MTk2\nMQ==\n','\n',char(10)));
INSERT INTO orders VALUES(26,6,4,'2019-04-07',11.900000000000000355,replace('b3JkZXI6IDI2OyBhbW91bnRfcGFpZDogMTEuOTsgcmVjZWl2ZWQ6IDIwMTkt\nMDQtMDc7IGNhcmQ6IFZJU0EgKioqKjkwMTI7IGJpbGxpbmcgemlwOiAxNDU0\nNw==\n','\n',char(10)));
INSERT INTO orders VALUES(27,6,4,'2019-04-13',10.499999999999999999,replace('b3JkZXI6IDI3OyBhbW91bnRfcGFpZDogMTAuNTsgcmVjZWl2ZWQ6IDIwMTkt\nMDQtMTM7IGNhcmQ6IFZJU0EgKioqKjkwMTI7IGJpbGxpbmcgemlwOiAxNDU0\nNw==\n','\n',char(10)));
INSERT INTO orders VALUES(28,6,4,'2019-01-10',21.800000000000000709,replace('b3JkZXI6IDI4OyBhbW91bnRfcGFpZDogMjEuODsgcmVjZWl2ZWQ6IDIwMTkt\nMDEtMTA7IGNhcmQ6IFZJU0EgKioqKjkwMTI7IGJpbGxpbmcgemlwOiAxNDU0\nNw==\n','\n',char(10)));
INSERT INTO orders VALUES(29,6,4,'2019-05-12',35.999999999999999999,replace('b3JkZXI6IDI5OyBhbW91bnRfcGFpZDogMzYuMDsgcmVjZWl2ZWQ6IDIwMTkt\nMDUtMTI7IGNhcmQ6IFZJU0EgKioqKjkwMTI7IGJpbGxpbmcgemlwOiAxNDU0\nNw==\n','\n',char(10)));
INSERT INTO orders VALUES(30,6,4,'2019-02-03',35.450000000000002841,replace('b3JkZXI6IDMwOyBhbW91bnRfcGFpZDogMzUuNDU7IHJlY2VpdmVkOiAyMDE5\nLTAyLTAzOyBjYXJkOiBWSVNBICoqKio5MDEyOyBiaWxsaW5nIHppcDogMTQ1\nNDc=\n','\n',char(10)));
INSERT INTO orders VALUES(31,6,4,'2019-01-29',90.749999999999999998,replace('b3JkZXI6IDMxOyBhbW91bnRfcGFpZDogOTAuNzU7IHJlY2VpdmVkOiAyMDE5\nLTAxLTI5OyBjYXJkOiBWSVNBICoqKio5MDEyOyBiaWxsaW5nIHppcDogMTQ1\nNDc=\n','\n',char(10)));
INSERT INTO orders VALUES(32,6,4,'2019-03-08',91.549999999999997161,replace('b3JkZXI6IDMyOyBhbW91bnRfcGFpZDogOTEuNTU7IHJlY2VpdmVkOiAyMDE5\nLTAzLTA4OyBjYXJkOiBWSVNBICoqKio5MDEyOyBiaWxsaW5nIHppcDogMTQ1\nNDc=\n','\n',char(10)));
INSERT INTO orders VALUES(33,7,5,'2019-01-22',60.549999999999997157,replace('b3JkZXI6IDMzOyBhbW91bnRfcGFpZDogNjAuNTU7IHJlY2VpdmVkOiAyMDE5\nLTAxLTIyOyBjYXJkOiBWSVNBICoqKio5MDEyOyBiaWxsaW5nIHppcDogNzgx\nMjc=\n','\n',char(10)));
INSERT INTO orders VALUES(34,7,5,'2019-01-21',68.049999999999997157,replace('b3JkZXI6IDM0OyBhbW91bnRfcGFpZDogNjguMDU7IHJlY2VpdmVkOiAyMDE5\nLTAxLTIxOyBjYXJkOiBWSVNBICoqKio5MDEyOyBiaWxsaW5nIHppcDogNzgx\nMjc=\n','\n',char(10)));
INSERT INTO orders VALUES(35,7,5,'2019-01-16',12.999999999999999999,replace('b3JkZXI6IDM1OyBhbW91bnRfcGFpZDogMTMuMDsgcmVjZWl2ZWQ6IDIwMTkt\nMDEtMTY7IGNhcmQ6IFZJU0EgKioqKjkwMTI7IGJpbGxpbmcgemlwOiA3ODEy\nNw==\n','\n',char(10)));
INSERT INTO orders VALUES(36,7,5,'2019-04-06',74.499999999999999998,replace('b3JkZXI6IDM2OyBhbW91bnRfcGFpZDogNzQuNTsgcmVjZWl2ZWQ6IDIwMTkt\nMDQtMDY7IGNhcmQ6IFZJU0EgKioqKjkwMTI7IGJpbGxpbmcgemlwOiA3ODEy\nNw==\n','\n',char(10)));
INSERT INTO orders VALUES(37,7,5,'2019-04-15',47.899999999999998577,replace('b3JkZXI6IDM3OyBhbW91bnRfcGFpZDogNDcuOTsgcmVjZWl2ZWQ6IDIwMTkt\nMDQtMTU7IGNhcmQ6IFZJU0EgKioqKjkwMTI7IGJpbGxpbmcgemlwOiA3ODEy\nNw==\n','\n',char(10)));
INSERT INTO orders VALUES(38,7,5,'2019-02-11',32.5,replace('b3JkZXI6IDM4OyBhbW91bnRfcGFpZDogMzIuNTsgcmVjZWl2ZWQ6IDIwMTkt\nMDItMTE7IGNhcmQ6IFZJU0EgKioqKjkwMTI7IGJpbGxpbmcgemlwOiA3ODEy\nNw==\n','\n',char(10)));
INSERT INTO orders VALUES(39,7,5,'2019-02-09',36.950000000000002842,replace('b3JkZXI6IDM5OyBhbW91bnRfcGFpZDogMzYuOTU7IHJlY2VpdmVkOiAyMDE5\nLTAyLTA5OyBjYXJkOiBWSVNBICoqKio5MDEyOyBiaWxsaW5nIHppcDogNzgx\nMjc=\n','\n',char(10)));
INSERT INTO orders VALUES(40,7,5,'2019-01-08',55.350000000000001421,replace('b3JkZXI6IDQwOyBhbW91bnRfcGFpZDogNTUuMzU7IHJlY2VpdmVkOiAyMDE5\nLTAxLTA4OyBjYXJkOiBWSVNBICoqKio5MDEyOyBiaWxsaW5nIHppcDogNzgx\nMjc=\n','\n',char(10)));
INSERT INTO orders VALUES(41,7,5,'2019-02-23',35.85000000000000142,replace('b3JkZXI6IDQxOyBhbW91bnRfcGFpZDogMzUuODU7IHJlY2VpdmVkOiAyMDE5\nLTAyLTIzOyBjYXJkOiBWSVNBICoqKio5MDEyOyBiaWxsaW5nIHppcDogNzgx\nMjc=\n','\n',char(10)));
INSERT INTO orders VALUES(42,7,5,'2019-02-25',60.549999999999997157,replace('b3JkZXI6IDQyOyBhbW91bnRfcGFpZDogNjAuNTU7IHJlY2VpdmVkOiAyMDE5\nLTAyLTI1OyBjYXJkOiBWSVNBICoqKio5MDEyOyBiaWxsaW5nIHppcDogNzgx\nMjc=\n','\n',char(10)));
INSERT INTO orders VALUES(43,8,7,'2019-03-02',28.899999999999998578,replace('b3JkZXI6IDQzOyBhbW91bnRfcGFpZDogMjguOTsgcmVjZWl2ZWQ6IDIwMTkt\nMDMtMDI7IGNhcmQ6IFZJU0EgKioqKjkwMTI7IGJpbGxpbmcgemlwOiA2NzEx\nNw==\n','\n',char(10)));
INSERT INTO orders VALUES(44,8,7,'2019-02-06',53.000000000000000001,replace('b3JkZXI6IDQ0OyBhbW91bnRfcGFpZDogNTMuMDsgcmVjZWl2ZWQ6IDIwMTkt\nMDItMDY7IGNhcmQ6IFZJU0EgKioqKjkwMTI7IGJpbGxpbmcgemlwOiA2NzEx\nNw==\n','\n',char(10)));
INSERT INTO orders VALUES(45,8,7,'2019-03-17',11.900000000000000355,replace('b3JkZXI6IDQ1OyBhbW91bnRfcGFpZDogMTEuOTsgcmVjZWl2ZWQ6IDIwMTkt\nMDMtMTc7IGNhcmQ6IFZJU0EgKioqKjkwMTI7IGJpbGxpbmcgemlwOiA2NzEx\nNw==\n','\n',char(10)));
INSERT INTO orders VALUES(46,8,6,'2019-02-28',34.950000000000002841,replace('b3JkZXI6IDQ2OyBhbW91bnRfcGFpZDogMzQuOTU7IHJlY2VpdmVkOiAyMDE5\nLTAyLTI4OyBjYXJkOiBWSVNBICoqKio5MDEyOyBiaWxsaW5nIHppcDogNjcx\nMTc=\n','\n',char(10)));
INSERT INTO orders VALUES(47,9,8,'2019-05-04',30.0,replace('b3JkZXI6IDQ3OyBhbW91bnRfcGFpZDogMzAuMDsgcmVjZWl2ZWQ6IDIwMTkt\nMDUtMDQ7IGNhcmQ6IFZJU0EgKioqKjkwMTI7IGJpbGxpbmcgemlwOiAyNTc3\nMw==\n','\n',char(10)));
INSERT INTO orders VALUES(48,9,8,'2019-01-29',45.500000000000000001,replace('b3JkZXI6IDQ4OyBhbW91bnRfcGFpZDogNDUuNTsgcmVjZWl2ZWQ6IDIwMTkt\nMDEtMjk7IGNhcmQ6IFZJU0EgKioqKjkwMTI7IGJpbGxpbmcgemlwOiAyNTc3\nMw==\n','\n',char(10)));
INSERT INTO orders VALUES(49,9,8,'2019-04-22',83.000000000000000001,replace('b3JkZXI6IDQ5OyBhbW91bnRfcGFpZDogODMuMDsgcmVjZWl2ZWQ6IDIwMTkt\nMDQtMjI7IGNhcmQ6IFZJU0EgKioqKjkwMTI7IGJpbGxpbmcgemlwOiAyNTc3\nMw==\n','\n',char(10)));
INSERT INTO orders VALUES(50,9,8,'2019-04-09',98.650000000000005687,replace('b3JkZXI6IDUwOyBhbW91bnRfcGFpZDogOTguNjU7IHJlY2VpdmVkOiAyMDE5\nLTA0LTA5OyBjYXJkOiBWSVNBICoqKio5MDEyOyBiaWxsaW5nIHppcDogMjU3\nNzM=\n','\n',char(10)));
INSERT INTO orders VALUES(51,10,9,'2019-02-24',30.499999999999999999,replace('b3JkZXI6IDUxOyBhbW91bnRfcGFpZDogMzAuNTsgcmVjZWl2ZWQ6IDIwMTkt\nMDItMjQ7IGNhcmQ6IFZJU0EgKioqKjkwMTI7IGJpbGxpbmcgemlwOiA4MzAz\nNQ==\n','\n',char(10)));
INSERT INTO orders VALUES(52,10,9,'2019-03-09',35.499999999999999999,replace('b3JkZXI6IDUyOyBhbW91bnRfcGFpZDogMzUuNTsgcmVjZWl2ZWQ6IDIwMTkt\nMDMtMDk7IGNhcmQ6IFZJU0EgKioqKjkwMTI7IGJpbGxpbmcgemlwOiA4MzAz\nNQ==\n','\n',char(10)));
INSERT INTO orders VALUES(53,10,9,'2019-03-14',7.5,replace('b3JkZXI6IDUzOyBhbW91bnRfcGFpZDogNy41OyByZWNlaXZlZDogMjAxOS0w\nMy0xNDsgY2FyZDogVklTQSAqKioqOTAxMjsgYmlsbGluZyB6aXA6IDgzMDM1\n','\n',char(10)));
INSERT INTO orders VALUES(54,10,9,'2019-02-20',10.499999999999999999,replace('b3JkZXI6IDU0OyBhbW91bnRfcGFpZDogMTAuNTsgcmVjZWl2ZWQ6IDIwMTkt\nMDItMjA7IGNhcmQ6IFZJU0EgKioqKjkwMTI7IGJpbGxpbmcgemlwOiA4MzAz\nNQ==\n','\n',char(10)));
INSERT INTO orders VALUES(55,10,9,'2019-05-07',44.049999999999997156,replace('b3JkZXI6IDU1OyBhbW91bnRfcGFpZDogNDQuMDU7IHJlY2VpdmVkOiAyMDE5\nLTA1LTA3OyBjYXJkOiBWSVNBICoqKio5MDEyOyBiaWxsaW5nIHppcDogODMw\nMzU=\n','\n',char(10)));
INSERT INTO orders VALUES(56,10,9,'2019-05-05',30.30000000000000071,replace('b3JkZXI6IDU2OyBhbW91bnRfcGFpZDogMzAuMzsgcmVjZWl2ZWQ6IDIwMTkt\nMDUtMDU7IGNhcmQ6IFZJU0EgKioqKjkwMTI7IGJpbGxpbmcgemlwOiA4MzAz\nNQ==\n','\n',char(10)));
INSERT INTO orders VALUES(57,10,9,'2019-03-09',18.5,replace('b3JkZXI6IDU3OyBhbW91bnRfcGFpZDogMTguNTsgcmVjZWl2ZWQ6IDIwMTkt\nMDMtMDk7IGNhcmQ6IFZJU0EgKioqKjkwMTI7IGJpbGxpbmcgemlwOiA4MzAz\nNQ==\n','\n',char(10)));
INSERT INTO orders VALUES(58,10,9,'2019-02-26',69.349999999999994313,replace('b3JkZXI6IDU4OyBhbW91bnRfcGFpZDogNjkuMzU7IHJlY2VpdmVkOiAyMDE5\nLTAyLTI2OyBjYXJkOiBWSVNBICoqKio5MDEyOyBiaWxsaW5nIHppcDogODMw\nMzU=\n','\n',char(10)));
INSERT INTO orders VALUES(59,10,9,'2019-02-27',42.64999999999999858,replace('b3JkZXI6IDU5OyBhbW91bnRfcGFpZDogNDIuNjU7IHJlY2VpdmVkOiAyMDE5\nLTAyLTI3OyBjYXJkOiBWSVNBICoqKio5MDEyOyBiaWxsaW5nIHppcDogODMw\nMzU=\n','\n',char(10)));
INSERT INTO orders VALUES(60,11,10,'2019-01-01',30.499999999999999999,replace('b3JkZXI6IDYwOyBhbW91bnRfcGFpZDogMzAuNTsgcmVjZWl2ZWQ6IDIwMTkt\nMDEtMDE7IGNhcmQ6IFZJU0EgKioqKjkwMTI7IGJpbGxpbmcgemlwOiA4NjAy\nNg==\n','\n',char(10)));
INSERT INTO orders VALUES(61,11,11,'2019-05-08',19.0,replace('b3JkZXI6IDYxOyBhbW91bnRfcGFpZDogMTkuMDsgcmVjZWl2ZWQ6IDIwMTkt\nMDUtMDg7IGNhcmQ6IFZJU0EgKioqKjkwMTI7IGJpbGxpbmcgemlwOiA4NjAy\nNg==\n','\n',char(10)));
INSERT INTO orders VALUES(62,11,10,'2019-03-13',48.85000000000000142,replace('b3JkZXI6IDYyOyBhbW91bnRfcGFpZDogNDguODU7IHJlY2VpdmVkOiAyMDE5\nLTAzLTEzOyBjYXJkOiBWSVNBICoqKio5MDEyOyBiaWxsaW5nIHppcDogODYw\nMjY=\n','\n',char(10)));
INSERT INTO orders VALUES(63,11,10,'2019-04-03',80.049999999999997156,replace('b3JkZXI6IDYzOyBhbW91bnRfcGFpZDogODAuMDU7IHJlY2VpdmVkOiAyMDE5\nLTA0LTAzOyBjYXJkOiBWSVNBICoqKio5MDEyOyBiaWxsaW5nIHppcDogODYw\nMjY=\n','\n',char(10)));
INSERT INTO orders VALUES(64,11,10,'2019-01-29',35.999999999999999999,replace('b3JkZXI6IDY0OyBhbW91bnRfcGFpZDogMzYuMDsgcmVjZWl2ZWQ6IDIwMTkt\nMDEtMjk7IGNhcmQ6IFZJU0EgKioqKjkwMTI7IGJpbGxpbmcgemlwOiA4NjAy\nNg==\n','\n',char(10)));
INSERT INTO orders VALUES(65,12,12,'2019-02-12',55.350000000000001421,replace('b3JkZXI6IDY1OyBhbW91bnRfcGFpZDogNTUuMzU7IHJlY2VpdmVkOiAyMDE5\nLTAyLTEyOyBjYXJkOiBWSVNBICoqKio5MDEyOyBiaWxsaW5nIHppcDogMDMz\nNjE=\n','\n',char(10)));
INSERT INTO orders VALUES(66,12,12,'2019-05-11',22.999999999999999999,replace('b3JkZXI6IDY2OyBhbW91bnRfcGFpZDogMjMuMDsgcmVjZWl2ZWQ6IDIwMTkt\nMDUtMTE7IGNhcmQ6IFZJU0EgKioqKjkwMTI7IGJpbGxpbmcgemlwOiAwMzM2\nMQ==\n','\n',char(10)));
INSERT INTO orders VALUES(67,12,12,'2019-01-07',21.800000000000000709,replace('b3JkZXI6IDY3OyBhbW91bnRfcGFpZDogMjEuODsgcmVjZWl2ZWQ6IDIwMTkt\nMDEtMDc7IGNhcmQ6IFZJU0EgKioqKjkwMTI7IGJpbGxpbmcgemlwOiAwMzM2\nMQ==\n','\n',char(10)));
INSERT INTO orders VALUES(68,12,12,'2019-01-30',47.799999999999997156,replace('b3JkZXI6IDY4OyBhbW91bnRfcGFpZDogNDcuODsgcmVjZWl2ZWQ6IDIwMTkt\nMDEtMzA7IGNhcmQ6IFZJU0EgKioqKjkwMTI7IGJpbGxpbmcgemlwOiAwMzM2\nMQ==\n','\n',char(10)));
INSERT INTO orders VALUES(69,12,12,'2019-02-27',39.049999999999997156,replace('b3JkZXI6IDY5OyBhbW91bnRfcGFpZDogMzkuMDU7IHJlY2VpdmVkOiAyMDE5\nLTAyLTI3OyBjYXJkOiBWSVNBICoqKio5MDEyOyBiaWxsaW5nIHppcDogMDMz\nNjE=\n','\n',char(10)));
INSERT INTO orders VALUES(70,12,12,'2019-02-27',77.099999999999994314,replace('b3JkZXI6IDcwOyBhbW91bnRfcGFpZDogNzcuMTsgcmVjZWl2ZWQ6IDIwMTkt\nMDItMjc7IGNhcmQ6IFZJU0EgKioqKjkwMTI7IGJpbGxpbmcgemlwOiAwMzM2\nMQ==\n','\n',char(10)));
INSERT INTO orders VALUES(71,13,14,'2019-03-13',19.850000000000001421,replace('b3JkZXI6IDcxOyBhbW91bnRfcGFpZDogMTkuODU7IHJlY2VpdmVkOiAyMDE5\nLTAzLTEzOyBjYXJkOiBWSVNBICoqKio5MDEyOyBiaWxsaW5nIHppcDogOTYy\nNDI=\n','\n',char(10)));
INSERT INTO orders VALUES(72,14,15,'2019-01-10',16.850000000000001421,replace('b3JkZXI6IDcyOyBhbW91bnRfcGFpZDogMTYuODU7IHJlY2VpdmVkOiAyMDE5\nLTAxLTEwOyBjYXJkOiBWSVNBICoqKio5MDEyOyBiaWxsaW5nIHppcDogODM5\nMDQ=\n','\n',char(10)));
INSERT INTO orders VALUES(73,14,16,'2019-02-10',11.900000000000000355,replace('b3JkZXI6IDczOyBhbW91bnRfcGFpZDogMTEuOTsgcmVjZWl2ZWQ6IDIwMTkt\nMDItMTA7IGNhcmQ6IFZJU0EgKioqKjkwMTI7IGJpbGxpbmcgemlwOiA4Mzkw\nNA==\n','\n',char(10)));
INSERT INTO orders VALUES(74,14,15,'2019-02-12',42.350000000000001419,replace('b3JkZXI6IDc0OyBhbW91bnRfcGFpZDogNDIuMzU7IHJlY2VpdmVkOiAyMDE5\nLTAyLTEyOyBjYXJkOiBWSVNBICoqKio5MDEyOyBiaWxsaW5nIHppcDogODM5\nMDQ=\n','\n',char(10)));
INSERT INTO orders VALUES(75,14,15,'2019-05-03',13.449999999999999289,replace('b3JkZXI6IDc1OyBhbW91bnRfcGFpZDogMTMuNDU7IHJlY2VpdmVkOiAyMDE5\nLTA1LTAzOyBjYXJkOiBWSVNBICoqKio5MDEyOyBiaWxsaW5nIHppcDogODM5\nMDQ=\n','\n',char(10)));
INSERT INTO orders VALUES(76,15,18,'2019-04-02',44.250000000000000001,replace('b3JkZXI6IDc2OyBhbW91bnRfcGFpZDogNDQuMjU7IHJlY2VpdmVkOiAyMDE5\nLTA0LTAyOyBjYXJkOiBWSVNBICoqKio5MDEyOyBiaWxsaW5nIHppcDogMDIx\nMDQ=\n','\n',char(10)));
INSERT INTO orders VALUES(77,15,18,'2019-04-20',35.999999999999999999,replace('b3JkZXI6IDc3OyBhbW91bnRfcGFpZDogMzYuMDsgcmVjZWl2ZWQ6IDIwMTkt\nMDQtMjA7IGNhcmQ6IFZJU0EgKioqKjkwMTI7IGJpbGxpbmcgemlwOiAwMjEw\nNA==\n','\n',char(10)));
INSERT INTO orders VALUES(78,15,18,'2019-03-18',51.799999999999997157,replace('b3JkZXI6IDc4OyBhbW91bnRfcGFpZDogNTEuODsgcmVjZWl2ZWQ6IDIwMTkt\nMDMtMTg7IGNhcmQ6IFZJU0EgKioqKjkwMTI7IGJpbGxpbmcgemlwOiAwMjEw\nNA==\n','\n',char(10)));
INSERT INTO orders VALUES(79,16,19,'2019-03-02',36.5,replace('b3JkZXI6IDc5OyBhbW91bnRfcGFpZDogMzYuNTsgcmVjZWl2ZWQ6IDIwMTkt\nMDMtMDI7IGNhcmQ6IFZJU0EgKioqKjkwMTI7IGJpbGxpbmcgemlwOiAyNDM5\nOA==\n','\n',char(10)));
INSERT INTO orders VALUES(80,16,19,'2019-03-12',19.0,replace('b3JkZXI6IDgwOyBhbW91bnRfcGFpZDogMTkuMDsgcmVjZWl2ZWQ6IDIwMTkt\nMDMtMTI7IGNhcmQ6IFZJU0EgKioqKjkwMTI7IGJpbGxpbmcgemlwOiAyNDM5\nOA==\n','\n',char(10)));
INSERT INTO orders VALUES(81,16,20,'2019-04-08',32.999999999999999999,replace('b3JkZXI6IDgxOyBhbW91bnRfcGFpZDogMzMuMDsgcmVjZWl2ZWQ6IDIwMTkt\nMDQtMDg7IGNhcmQ6IFZJU0EgKioqKjkwMTI7IGJpbGxpbmcgemlwOiAyNDM5\nOA==\n','\n',char(10)));
INSERT INTO orders VALUES(82,17,21,'2019-03-14',15.449999999999999289,replace('b3JkZXI6IDgyOyBhbW91bnRfcGFpZDogMTUuNDU7IHJlY2VpdmVkOiAyMDE5\nLTAzLTE0OyBjYXJkOiBWSVNBICoqKio5MDEyOyBiaWxsaW5nIHppcDogNTc3\nNjQ=\n','\n',char(10)));
INSERT INTO orders VALUES(83,17,21,'2019-03-17',126.99999999999999999,replace('b3JkZXI6IDgzOyBhbW91bnRfcGFpZDogMTI3LjA7IHJlY2VpdmVkOiAyMDE5\nLTAzLTE3OyBjYXJkOiBWSVNBICoqKio5MDEyOyBiaWxsaW5nIHppcDogNTc3\nNjQ=\n','\n',char(10)));
INSERT INTO orders VALUES(84,18,23,'2019-02-08',85.150000000000005684,replace('b3JkZXI6IDg0OyBhbW91bnRfcGFpZDogODUuMTU7IHJlY2VpdmVkOiAyMDE5\nLTAyLTA4OyBjYXJkOiBWSVNBICoqKio5MDEyOyBiaWxsaW5nIHppcDogOTMy\nMDI=\n','\n',char(10)));
INSERT INTO orders VALUES(85,18,22,'2019-01-04',16.850000000000001421,replace('b3JkZXI6IDg1OyBhbW91bnRfcGFpZDogMTYuODU7IHJlY2VpdmVkOiAyMDE5\nLTAxLTA0OyBjYXJkOiBWSVNBICoqKio5MDEyOyBiaWxsaW5nIHppcDogOTMy\nMDI=\n','\n',char(10)));
INSERT INTO orders VALUES(86,19,24,'2019-01-02',11.499999999999999999,replace('b3JkZXI6IDg2OyBhbW91bnRfcGFpZDogMTEuNTsgcmVjZWl2ZWQ6IDIwMTkt\nMDEtMDI7IGNhcmQ6IFZJU0EgKioqKjkwMTI7IGJpbGxpbmcgemlwOiA5NjI2\nOQ==\n','\n',char(10)));
INSERT INTO orders VALUES(87,19,24,'2019-01-21',63.649999999999998579,replace('b3JkZXI6IDg3OyBhbW91bnRfcGFpZDogNjMuNjU7IHJlY2VpdmVkOiAyMDE5\nLTAxLTIxOyBjYXJkOiBWSVNBICoqKio5MDEyOyBiaWxsaW5nIHppcDogOTYy\nNjk=\n','\n',char(10)));
INSERT INTO orders VALUES(88,19,25,'2019-03-20',70.950000000000002843,replace('b3JkZXI6IDg4OyBhbW91bnRfcGFpZDogNzAuOTU7IHJlY2VpdmVkOiAyMDE5\nLTAzLTIwOyBjYXJkOiBWSVNBICoqKio5MDEyOyBiaWxsaW5nIHppcDogOTYy\nNjk=\n','\n',char(10)));
INSERT INTO orders VALUES(89,20,26,'2019-05-14',29.25,replace('b3JkZXI6IDg5OyBhbW91bnRfcGFpZDogMjkuMjU7IHJlY2VpdmVkOiAyMDE5\nLTA1LTE0OyBjYXJkOiBWSVNBICoqKio5MDEyOyBiaWxsaW5nIHppcDogMDk2\nNzI=\n','\n',char(10)));
INSERT INTO orders VALUES(90,20,26,'2019-04-22',11.499999999999999999,replace('b3JkZXI6IDkwOyBhbW91bnRfcGFpZDogMTEuNTsgcmVjZWl2ZWQ6IDIwMTkt\nMDQtMjI7IGNhcmQ6IFZJU0EgKioqKjkwMTI7IGJpbGxpbmcgemlwOiAwOTY3\nMg==\n','\n',char(10)));
INSERT INTO orders VALUES(91,20,27,'2019-04-23',16.850000000000001421,replace('b3JkZXI6IDkxOyBhbW91bnRfcGFpZDogMTYuODU7IHJlY2VpdmVkOiAyMDE5\nLTA0LTIzOyBjYXJkOiBWSVNBICoqKio5MDEyOyBiaWxsaW5nIHppcDogMDk2\nNzI=\n','\n',char(10)));
INSERT INTO orders VALUES(92,20,27,'2019-03-11',21.800000000000000709,replace('b3JkZXI6IDkyOyBhbW91bnRfcGFpZDogMjEuODsgcmVjZWl2ZWQ6IDIwMTkt\nMDMtMTE7IGNhcmQ6IFZJU0EgKioqKjkwMTI7IGJpbGxpbmcgemlwOiAwOTY3\nMg==\n','\n',char(10)));
INSERT INTO orders VALUES(93,20,26,'2019-02-06',77.05000000000001137,replace('b3JkZXI6IDkzOyBhbW91bnRfcGFpZDogNzcuMDUwMDAwMDAwMDAwMDE7IHJl\nY2VpdmVkOiAyMDE5LTAyLTA2OyBjYXJkOiBWSVNBICoqKio5MDEyOyBiaWxs\naW5nIHppcDogMDk2NzI=\n','\n',char(10)));
INSERT INTO orders VALUES(94,20,27,'2019-01-14',105.95000000000000284,replace('b3JkZXI6IDk0OyBhbW91bnRfcGFpZDogMTA1Ljk1OyByZWNlaXZlZDogMjAx\nOS0wMS0xNDsgY2FyZDogVklTQSAqKioqOTAxMjsgYmlsbGluZyB6aXA6IDA5\nNjcy\n','\n',char(10)));
INSERT INTO orders VALUES(95,20,27,'2019-02-06',28.350000000000001421,replace('b3JkZXI6IDk1OyBhbW91bnRfcGFpZDogMjguMzU7IHJlY2VpdmVkOiAyMDE5\nLTAyLTA2OyBjYXJkOiBWSVNBICoqKio5MDEyOyBiaWxsaW5nIHppcDogMDk2\nNzI=\n','\n',char(10)));
INSERT INTO orders VALUES(96,20,27,'2019-02-21',44.499999999999999998,replace('b3JkZXI6IDk2OyBhbW91bnRfcGFpZDogNDQuNTsgcmVjZWl2ZWQ6IDIwMTkt\nMDItMjE7IGNhcmQ6IFZJU0EgKioqKjkwMTI7IGJpbGxpbmcgemlwOiAwOTY3\nMg==\n','\n',char(10)));
INSERT INTO orders VALUES(97,20,27,'2019-03-21',66.400000000000005684,replace('b3JkZXI6IDk3OyBhbW91bnRfcGFpZDogNjYuNDsgcmVjZWl2ZWQ6IDIwMTkt\nMDMtMjE7IGNhcmQ6IFZJU0EgKioqKjkwMTI7IGJpbGxpbmcgemlwOiAwOTY3\nMg==\n','\n',char(10)));
INSERT INTO orders VALUES(98,21,29,'2019-03-08',23.949999999999999288,replace('b3JkZXI6IDk4OyBhbW91bnRfcGFpZDogMjMuOTU7IHJlY2VpdmVkOiAyMDE5\nLTAzLTA4OyBjYXJkOiBWSVNBICoqKio5MDEyOyBiaWxsaW5nIHppcDogMTE3\nMDI=\n','\n',char(10)));
INSERT INTO orders VALUES(99,21,28,'2019-01-21',49.900000000000005683,replace('b3JkZXI6IDk5OyBhbW91bnRfcGFpZDogNDkuOTAwMDAwMDAwMDAwMDA2OyBy\nZWNlaXZlZDogMjAxOS0wMS0yMTsgY2FyZDogVklTQSAqKioqOTAxMjsgYmls\nbGluZyB6aXA6IDExNzAy\n','\n',char(10)));
INSERT INTO orders VALUES(100,21,29,'2019-05-22',17.75,replace('b3JkZXI6IDEwMDsgYW1vdW50X3BhaWQ6IDE3Ljc1OyByZWNlaXZlZDogMjAx\nOS0wNS0yMjsgY2FyZDogVklTQSAqKioqOTAxMjsgYmlsbGluZyB6aXA6IDEx\nNzAy\n','\n',char(10)));
INSERT INTO orders VALUES(101,21,28,'2019-01-20',48.350000000000001422,replace('b3JkZXI6IDEwMTsgYW1vdW50X3BhaWQ6IDQ4LjM1OyByZWNlaXZlZDogMjAx\nOS0wMS0yMDsgY2FyZDogVklTQSAqKioqOTAxMjsgYmlsbGluZyB6aXA6IDEx\nNzAy\n','\n',char(10)));
INSERT INTO orders VALUES(102,22,31,'2019-01-15',24.949999999999999289,replace('b3JkZXI6IDEwMjsgYW1vdW50X3BhaWQ6IDI0Ljk1OyByZWNlaXZlZDogMjAx\nOS0wMS0xNTsgY2FyZDogVklTQSAqKioqOTAxMjsgYmlsbGluZyB6aXA6IDQ0\nMjYz\n','\n',char(10)));
INSERT INTO orders VALUES(103,22,32,'2019-01-03',100.45000000000000283,replace('b3JkZXI6IDEwMzsgYW1vdW50X3BhaWQ6IDEwMC40NTsgcmVjZWl2ZWQ6IDIw\nMTktMDEtMDM7IGNhcmQ6IFZJU0EgKioqKjkwMTI7IGJpbGxpbmcgemlwOiA0\nNDI2Mw==\n','\n',char(10)));
INSERT INTO orders VALUES(104,22,31,'2019-03-19',104.65000000000000568,replace('b3JkZXI6IDEwNDsgYW1vdW50X3BhaWQ6IDEwNC42NTsgcmVjZWl2ZWQ6IDIw\nMTktMDMtMTk7IGNhcmQ6IFZJU0EgKioqKjkwMTI7IGJpbGxpbmcgemlwOiA0\nNDI2Mw==\n','\n',char(10)));
INSERT INTO orders VALUES(105,23,33,'2019-05-29',47.249999999999999999,replace('b3JkZXI6IDEwNTsgYW1vdW50X3BhaWQ6IDQ3LjI1OyByZWNlaXZlZDogMjAx\nOS0wNS0yOTsgY2FyZDogVklTQSAqKioqOTAxMjsgYmlsbGluZyB6aXA6IDgy\nNjg3\n','\n',char(10)));
INSERT INTO orders VALUES(106,23,33,'2019-01-02',25.350000000000001421,replace('b3JkZXI6IDEwNjsgYW1vdW50X3BhaWQ6IDI1LjM1OyByZWNlaXZlZDogMjAx\nOS0wMS0wMjsgY2FyZDogVklTQSAqKioqOTAxMjsgYmlsbGluZyB6aXA6IDgy\nNjg3\n','\n',char(10)));
INSERT INTO orders VALUES(107,23,33,'2019-01-27',6.9500000000000001776,replace('b3JkZXI6IDEwNzsgYW1vdW50X3BhaWQ6IDYuOTU7IHJlY2VpdmVkOiAyMDE5\nLTAxLTI3OyBjYXJkOiBWSVNBICoqKio5MDEyOyBiaWxsaW5nIHppcDogODI2\nODc=\n','\n',char(10)));
INSERT INTO orders VALUES(108,23,33,'2019-02-16',88.999999999999999996,replace('b3JkZXI6IDEwODsgYW1vdW50X3BhaWQ6IDg5LjA7IHJlY2VpdmVkOiAyMDE5\nLTAyLTE2OyBjYXJkOiBWSVNBICoqKio5MDEyOyBiaWxsaW5nIHppcDogODI2\nODc=\n','\n',char(10)));
INSERT INTO orders VALUES(109,24,34,'2019-03-23',21.800000000000000709,replace('b3JkZXI6IDEwOTsgYW1vdW50X3BhaWQ6IDIxLjg7IHJlY2VpdmVkOiAyMDE5\nLTAzLTIzOyBjYXJkOiBWSVNBICoqKio5MDEyOyBiaWxsaW5nIHppcDogNTc1\nMjk=\n','\n',char(10)));
INSERT INTO orders VALUES(110,24,34,'2019-02-24',44.299999999999997157,replace('b3JkZXI6IDExMDsgYW1vdW50X3BhaWQ6IDQ0LjM7IHJlY2VpdmVkOiAyMDE5\nLTAyLTI0OyBjYXJkOiBWSVNBICoqKio5MDEyOyBiaWxsaW5nIHppcDogNTc1\nMjk=\n','\n',char(10)));
INSERT INTO orders VALUES(111,25,35,'2019-01-04',11.900000000000000355,replace('b3JkZXI6IDExMTsgYW1vdW50X3BhaWQ6IDExLjk7IHJlY2VpdmVkOiAyMDE5\nLTAxLTA0OyBjYXJkOiBWSVNBICoqKio5MDEyOyBiaWxsaW5nIHppcDogNjcw\nODA=\n','\n',char(10)));
INSERT INTO orders VALUES(112,25,35,'2019-05-23',93.799999999999997156,replace('b3JkZXI6IDExMjsgYW1vdW50X3BhaWQ6IDkzLjg7IHJlY2VpdmVkOiAyMDE5\nLTA1LTIzOyBjYXJkOiBWSVNBICoqKio5MDEyOyBiaWxsaW5nIHppcDogNjcw\nODA=\n','\n',char(10)));
INSERT INTO orders VALUES(113,25,35,'2019-04-15',32.450000000000002841,replace('b3JkZXI6IDExMzsgYW1vdW50X3BhaWQ6IDMyLjQ1OyByZWNlaXZlZDogMjAx\nOS0wNC0xNTsgY2FyZDogVklTQSAqKioqOTAxMjsgYmlsbGluZyB6aXA6IDY3\nMDgw\n','\n',char(10)));
INSERT INTO orders VALUES(114,25,35,'2019-01-06',27.5,replace('b3JkZXI6IDExNDsgYW1vdW50X3BhaWQ6IDI3LjU7IHJlY2VpdmVkOiAyMDE5\nLTAxLTA2OyBjYXJkOiBWSVNBICoqKio5MDEyOyBiaWxsaW5nIHppcDogNjcw\nODA=\n','\n',char(10)));
INSERT INTO orders VALUES(115,25,35,'2019-04-01',19.850000000000001421,replace('b3JkZXI6IDExNTsgYW1vdW50X3BhaWQ6IDE5Ljg1OyByZWNlaXZlZDogMjAx\nOS0wNC0wMTsgY2FyZDogVklTQSAqKioqOTAxMjsgYmlsbGluZyB6aXA6IDY3\nMDgw\n','\n',char(10)));
INSERT INTO orders VALUES(116,26,36,'2019-02-15',48.499999999999999999,replace('b3JkZXI6IDExNjsgYW1vdW50X3BhaWQ6IDQ4LjU7IHJlY2VpdmVkOiAyMDE5\nLTAyLTE1OyBjYXJkOiBWSVNBICoqKio5MDEyOyBiaWxsaW5nIHppcDogMzE1\nMzA=\n','\n',char(10)));
INSERT INTO orders VALUES(117,26,37,'2019-03-22',11.499999999999999999,replace('b3JkZXI6IDExNzsgYW1vdW50X3BhaWQ6IDExLjU7IHJlY2VpdmVkOiAyMDE5\nLTAzLTIyOyBjYXJkOiBWSVNBICoqKio5MDEyOyBiaWxsaW5nIHppcDogMzE1\nMzA=\n','\n',char(10)));
INSERT INTO orders VALUES(118,27,38,'2019-02-10',24.5,replace('b3JkZXI6IDExODsgYW1vdW50X3BhaWQ6IDI0LjU7IHJlY2VpdmVkOiAyMDE5\nLTAyLTEwOyBjYXJkOiBWSVNBICoqKio5MDEyOyBiaWxsaW5nIHppcDogMjQ1\nODU=\n','\n',char(10)));
INSERT INTO orders VALUES(119,27,38,'2019-05-02',40.999999999999999999,replace('b3JkZXI6IDExOTsgYW1vdW50X3BhaWQ6IDQxLjA7IHJlY2VpdmVkOiAyMDE5\nLTA1LTAyOyBjYXJkOiBWSVNBICoqKio5MDEyOyBiaWxsaW5nIHppcDogMjQ1\nODU=\n','\n',char(10)));
INSERT INTO orders VALUES(120,28,40,'2019-03-28',35.999999999999999999,replace('b3JkZXI6IDEyMDsgYW1vdW50X3BhaWQ6IDM2LjA7IHJlY2VpdmVkOiAyMDE5\nLTAzLTI4OyBjYXJkOiBWSVNBICoqKio5MDEyOyBiaWxsaW5nIHppcDogNTAz\nMDU=\n','\n',char(10)));
INSERT INTO orders VALUES(121,28,40,'2019-04-29',58.499999999999999999,replace('b3JkZXI6IDEyMTsgYW1vdW50X3BhaWQ6IDU4LjU7IHJlY2VpdmVkOiAyMDE5\nLTA0LTI5OyBjYXJkOiBWSVNBICoqKio5MDEyOyBiaWxsaW5nIHppcDogNTAz\nMDU=\n','\n',char(10)));
INSERT INTO orders VALUES(122,28,40,'2019-02-03',27.5,replace('b3JkZXI6IDEyMjsgYW1vdW50X3BhaWQ6IDI3LjU7IHJlY2VpdmVkOiAyMDE5\nLTAyLTAzOyBjYXJkOiBWSVNBICoqKio5MDEyOyBiaWxsaW5nIHppcDogNTAz\nMDU=\n','\n',char(10)));
INSERT INTO orders VALUES(123,29,42,'2019-04-16',10.499999999999999999,replace('b3JkZXI6IDEyMzsgYW1vdW50X3BhaWQ6IDEwLjU7IHJlY2VpdmVkOiAyMDE5\nLTA0LTE2OyBjYXJkOiBWSVNBICoqKio5MDEyOyBiaWxsaW5nIHppcDogMTQy\nOTM=\n','\n',char(10)));
INSERT INTO orders VALUES(124,29,42,'2019-02-20',65.0,replace('b3JkZXI6IDEyNDsgYW1vdW50X3BhaWQ6IDY1LjA7IHJlY2VpdmVkOiAyMDE5\nLTAyLTIwOyBjYXJkOiBWSVNBICoqKio5MDEyOyBiaWxsaW5nIHppcDogMTQy\nOTM=\n','\n',char(10)));
INSERT INTO orders VALUES(125,29,41,'2019-05-26',40.0,replace('b3JkZXI6IDEyNTsgYW1vdW50X3BhaWQ6IDQwLjA7IHJlY2VpdmVkOiAyMDE5\nLTA1LTI2OyBjYXJkOiBWSVNBICoqKio5MDEyOyBiaWxsaW5nIHppcDogMTQy\nOTM=\n','\n',char(10)));
INSERT INTO orders VALUES(126,29,41,'2019-01-14',103.79999999999999716,replace('b3JkZXI6IDEyNjsgYW1vdW50X3BhaWQ6IDEwMy44OyByZWNlaXZlZDogMjAx\nOS0wMS0xNDsgY2FyZDogVklTQSAqKioqOTAxMjsgYmlsbGluZyB6aXA6IDE0\nMjkz\n','\n',char(10)));
INSERT INTO orders VALUES(127,29,42,'2019-01-30',27.0,replace('b3JkZXI6IDEyNzsgYW1vdW50X3BhaWQ6IDI3LjA7IHJlY2VpdmVkOiAyMDE5\nLTAxLTMwOyBjYXJkOiBWSVNBICoqKio5MDEyOyBiaWxsaW5nIHppcDogMTQy\nOTM=\n','\n',char(10)));
INSERT INTO orders VALUES(128,29,42,'2019-04-06',35.999999999999999999,replace('b3JkZXI6IDEyODsgYW1vdW50X3BhaWQ6IDM2LjA7IHJlY2VpdmVkOiAyMDE5\nLTA0LTA2OyBjYXJkOiBWSVNBICoqKio5MDEyOyBiaWxsaW5nIHppcDogMTQy\nOTM=\n','\n',char(10)));
INSERT INTO orders VALUES(129,29,42,'2019-04-05',22.899999999999998579,replace('b3JkZXI6IDEyOTsgYW1vdW50X3BhaWQ6IDIyLjk7IHJlY2VpdmVkOiAyMDE5\nLTA0LTA1OyBjYXJkOiBWSVNBICoqKio5MDEyOyBiaWxsaW5nIHppcDogMTQy\nOTM=\n','\n',char(10)));
INSERT INTO orders VALUES(130,29,42,'2019-02-06',78.450000000000002843,replace('b3JkZXI6IDEzMDsgYW1vdW50X3BhaWQ6IDc4LjQ1OyByZWNlaXZlZDogMjAx\nOS0wMi0wNjsgY2FyZDogVklTQSAqKioqOTAxMjsgYmlsbGluZyB6aXA6IDE0\nMjkz\n','\n',char(10)));
INSERT INTO orders VALUES(131,29,42,'2019-03-14',70.0,replace('b3JkZXI6IDEzMTsgYW1vdW50X3BhaWQ6IDcwLjA7IHJlY2VpdmVkOiAyMDE5\nLTAzLTE0OyBjYXJkOiBWSVNBICoqKio5MDEyOyBiaWxsaW5nIHppcDogMTQy\nOTM=\n','\n',char(10)));
INSERT INTO orders VALUES(132,30,43,'2019-02-09',107.70000000000000283,replace('b3JkZXI6IDEzMjsgYW1vdW50X3BhaWQ6IDEwNy43OyByZWNlaXZlZDogMjAx\nOS0wMi0wOTsgY2FyZDogVklTQSAqKioqOTAxMjsgYmlsbGluZyB6aXA6IDYw\nNDk1\n','\n',char(10)));
INSERT INTO orders VALUES(133,30,43,'2019-03-09',53.249999999999999998,replace('b3JkZXI6IDEzMzsgYW1vdW50X3BhaWQ6IDUzLjI1OyByZWNlaXZlZDogMjAx\nOS0wMy0wOTsgY2FyZDogVklTQSAqKioqOTAxMjsgYmlsbGluZyB6aXA6IDYw\nNDk1\n','\n',char(10)));
INSERT INTO orders VALUES(134,31,44,'2019-01-21',10.499999999999999999,replace('b3JkZXI6IDEzNDsgYW1vdW50X3BhaWQ6IDEwLjU7IHJlY2VpdmVkOiAyMDE5\nLTAxLTIxOyBjYXJkOiBWSVNBICoqKio5MDEyOyBiaWxsaW5nIHppcDogNTk2\nODc=\n','\n',char(10)));
INSERT INTO orders VALUES(135,31,44,'2019-02-19',35.999999999999999999,replace('b3JkZXI6IDEzNTsgYW1vdW50X3BhaWQ6IDM2LjA7IHJlY2VpdmVkOiAyMDE5\nLTAyLTE5OyBjYXJkOiBWSVNBICoqKio5MDEyOyBiaWxsaW5nIHppcDogNTk2\nODc=\n','\n',char(10)));
INSERT INTO orders VALUES(136,31,44,'2019-05-29',27.199999999999999289,replace('b3JkZXI6IDEzNjsgYW1vdW50X3BhaWQ6IDI3LjI7IHJlY2VpdmVkOiAyMDE5\nLTA1LTI5OyBjYXJkOiBWSVNBICoqKio5MDEyOyBiaWxsaW5nIHppcDogNTk2\nODc=\n','\n',char(10)));
INSERT INTO orders VALUES(137,31,44,'2019-03-20',83.799999999999997156,replace('b3JkZXI6IDEzNzsgYW1vdW50X3BhaWQ6IDgzLjg7IHJlY2VpdmVkOiAyMDE5\nLTAzLTIwOyBjYXJkOiBWSVNBICoqKio5MDEyOyBiaWxsaW5nIHppcDogNTk2\nODc=\n','\n',char(10)));
INSERT INTO orders VALUES(138,32,45,'2019-04-28',33.499999999999999999,replace('b3JkZXI6IDEzODsgYW1vdW50X3BhaWQ6IDMzLjU7IHJlY2VpdmVkOiAyMDE5\nLTA0LTI4OyBjYXJkOiBWSVNBICoqKio5MDEyOyBiaWxsaW5nIHppcDogNDcy\nOTA=\n','\n',char(10)));
INSERT INTO orders VALUES(139,32,45,'2019-05-12',12.5,replace('b3JkZXI6IDEzOTsgYW1vdW50X3BhaWQ6IDEyLjU7IHJlY2VpdmVkOiAyMDE5\nLTA1LTEyOyBjYXJkOiBWSVNBICoqKio5MDEyOyBiaWxsaW5nIHppcDogNDcy\nOTA=\n','\n',char(10)));
INSERT INTO orders VALUES(140,32,45,'2019-04-07',44.300000000000004261,replace('b3JkZXI6IDE0MDsgYW1vdW50X3BhaWQ6IDQ0LjMwMDAwMDAwMDAwMDAwNDsg\ncmVjZWl2ZWQ6IDIwMTktMDQtMDc7IGNhcmQ6IFZJU0EgKioqKjkwMTI7IGJp\nbGxpbmcgemlwOiA0NzI5MA==\n','\n',char(10)));
INSERT INTO orders VALUES(141,32,45,'2019-02-23',60.549999999999997157,replace('b3JkZXI6IDE0MTsgYW1vdW50X3BhaWQ6IDYwLjU1OyByZWNlaXZlZDogMjAx\nOS0wMi0yMzsgY2FyZDogVklTQSAqKioqOTAxMjsgYmlsbGluZyB6aXA6IDQ3\nMjkw\n','\n',char(10)));
INSERT INTO orders VALUES(142,32,45,'2019-02-23',57.550000000000004264,replace('b3JkZXI6IDE0MjsgYW1vdW50X3BhaWQ6IDU3LjU1MDAwMDAwMDAwMDAwNDsg\ncmVjZWl2ZWQ6IDIwMTktMDItMjM7IGNhcmQ6IFZJU0EgKioqKjkwMTI7IGJp\nbGxpbmcgemlwOiA0NzI5MA==\n','\n',char(10)));
INSERT INTO orders VALUES(143,32,45,'2019-02-07',41.5,replace('b3JkZXI6IDE0MzsgYW1vdW50X3BhaWQ6IDQxLjU7IHJlY2VpdmVkOiAyMDE5\nLTAyLTA3OyBjYXJkOiBWSVNBICoqKio5MDEyOyBiaWxsaW5nIHppcDogNDcy\nOTA=\n','\n',char(10)));
INSERT INTO orders VALUES(144,32,45,'2019-02-04',40.950000000000002843,replace('b3JkZXI6IDE0NDsgYW1vdW50X3BhaWQ6IDQwLjk1OyByZWNlaXZlZDogMjAx\nOS0wMi0wNDsgY2FyZDogVklTQSAqKioqOTAxMjsgYmlsbGluZyB6aXA6IDQ3\nMjkw\n','\n',char(10)));
INSERT INTO orders VALUES(145,33,47,'2019-05-18',88.75,replace('b3JkZXI6IDE0NTsgYW1vdW50X3BhaWQ6IDg4Ljc1OyByZWNlaXZlZDogMjAx\nOS0wNS0xODsgY2FyZDogVklTQSAqKioqOTAxMjsgYmlsbGluZyB6aXA6IDQx\nMjQ3\n','\n',char(10)));
INSERT INTO orders VALUES(146,34,48,'2019-01-28',111.45000000000000284,replace('b3JkZXI6IDE0NjsgYW1vdW50X3BhaWQ6IDExMS40NTsgcmVjZWl2ZWQ6IDIw\nMTktMDEtMjg7IGNhcmQ6IFZJU0EgKioqKjkwMTI7IGJpbGxpbmcgemlwOiAx\nNzI3NQ==\n','\n',char(10)));
INSERT INTO orders VALUES(147,34,48,'2019-03-25',65.349999999999994317,replace('b3JkZXI6IDE0NzsgYW1vdW50X3BhaWQ6IDY1LjM1OyByZWNlaXZlZDogMjAx\nOS0wMy0yNTsgY2FyZDogVklTQSAqKioqOTAxMjsgYmlsbGluZyB6aXA6IDE3\nMjc1\n','\n',char(10)));
INSERT INTO orders VALUES(148,35,50,'2019-02-03',25.350000000000001421,replace('b3JkZXI6IDE0ODsgYW1vdW50X3BhaWQ6IDI1LjM1OyByZWNlaXZlZDogMjAx\nOS0wMi0wMzsgY2FyZDogVklTQSAqKioqOTAxMjsgYmlsbGluZyB6aXA6IDcw\nNjgy\n','\n',char(10)));
INSERT INTO orders VALUES(149,35,49,'2019-04-14',58.75,replace('b3JkZXI6IDE0OTsgYW1vdW50X3BhaWQ6IDU4Ljc1OyByZWNlaXZlZDogMjAx\nOS0wNC0xNDsgY2FyZDogVklTQSAqKioqOTAxMjsgYmlsbGluZyB6aXA6IDcw\nNjgy\n','\n',char(10)));
INSERT INTO orders VALUES(150,35,49,'2019-03-11',36.5,replace('b3JkZXI6IDE1MDsgYW1vdW50X3BhaWQ6IDM2LjU7IHJlY2VpdmVkOiAyMDE5\nLTAzLTExOyBjYXJkOiBWSVNBICoqKio5MDEyOyBiaWxsaW5nIHppcDogNzA2\nODI=\n','\n',char(10)));
INSERT INTO orders VALUES(151,35,50,'2019-01-13',57.299999999999997159,replace('b3JkZXI6IDE1MTsgYW1vdW50X3BhaWQ6IDU3LjM7IHJlY2VpdmVkOiAyMDE5\nLTAxLTEzOyBjYXJkOiBWSVNBICoqKio5MDEyOyBiaWxsaW5nIHppcDogNzA2\nODI=\n','\n',char(10)));
INSERT INTO orders VALUES(152,36,51,'2019-04-05',53.499999999999999999,replace('b3JkZXI6IDE1MjsgYW1vdW50X3BhaWQ6IDUzLjU7IHJlY2VpdmVkOiAyMDE5\nLTA0LTA1OyBjYXJkOiBWSVNBICoqKio5MDEyOyBiaWxsaW5nIHppcDogOTcz\nNTM=\n','\n',char(10)));
INSERT INTO orders VALUES(153,37,52,'2019-04-27',21.800000000000000709,replace('b3JkZXI6IDE1MzsgYW1vdW50X3BhaWQ6IDIxLjg7IHJlY2VpdmVkOiAyMDE5\nLTA0LTI3OyBjYXJkOiBWSVNBICoqKio5MDEyOyBiaWxsaW5nIHppcDogMjk5\nNzc=\n','\n',char(10)));
INSERT INTO orders VALUES(154,37,52,'2019-04-14',44.600000000000001422,replace('b3JkZXI6IDE1NDsgYW1vdW50X3BhaWQ6IDQ0LjY7IHJlY2VpdmVkOiAyMDE5\nLTA0LTE0OyBjYXJkOiBWSVNBICoqKio5MDEyOyBiaWxsaW5nIHppcDogMjk5\nNzc=\n','\n',char(10)));
INSERT INTO orders VALUES(155,37,52,'2019-05-11',35.999999999999999999,replace('b3JkZXI6IDE1NTsgYW1vdW50X3BhaWQ6IDM2LjA7IHJlY2VpdmVkOiAyMDE5\nLTA1LTExOyBjYXJkOiBWSVNBICoqKio5MDEyOyBiaWxsaW5nIHppcDogMjk5\nNzc=\n','\n',char(10)));
INSERT INTO orders VALUES(156,37,52,'2019-05-16',35.25,replace('b3JkZXI6IDE1NjsgYW1vdW50X3BhaWQ6IDM1LjI1OyByZWNlaXZlZDogMjAx\nOS0wNS0xNjsgY2FyZDogVklTQSAqKioqOTAxMjsgYmlsbGluZyB6aXA6IDI5\nOTc3\n','\n',char(10)));
INSERT INTO orders VALUES(157,37,52,'2019-03-05',10.499999999999999999,replace('b3JkZXI6IDE1NzsgYW1vdW50X3BhaWQ6IDEwLjU7IHJlY2VpdmVkOiAyMDE5\nLTAzLTA1OyBjYXJkOiBWSVNBICoqKio5MDEyOyBiaWxsaW5nIHppcDogMjk5\nNzc=\n','\n',char(10)));
INSERT INTO orders VALUES(158,37,52,'2019-05-15',35.499999999999999999,replace('b3JkZXI6IDE1ODsgYW1vdW50X3BhaWQ6IDM1LjU7IHJlY2VpdmVkOiAyMDE5\nLTA1LTE1OyBjYXJkOiBWSVNBICoqKio5MDEyOyBiaWxsaW5nIHppcDogMjk5\nNzc=\n','\n',char(10)));
INSERT INTO orders VALUES(159,38,53,'2019-02-25',35.999999999999999999,replace('b3JkZXI6IDE1OTsgYW1vdW50X3BhaWQ6IDM2LjA7IHJlY2VpdmVkOiAyMDE5\nLTAyLTI1OyBjYXJkOiBWSVNBICoqKio5MDEyOyBiaWxsaW5nIHppcDogNTA5\nOTE=\n','\n',char(10)));
INSERT INTO orders VALUES(160,38,53,'2019-01-22',74.749999999999999999,replace('b3JkZXI6IDE2MDsgYW1vdW50X3BhaWQ6IDc0Ljc1OyByZWNlaXZlZDogMjAx\nOS0wMS0yMjsgY2FyZDogVklTQSAqKioqOTAxMjsgYmlsbGluZyB6aXA6IDUw\nOTkx\n','\n',char(10)));
INSERT INTO orders VALUES(161,38,53,'2019-04-11',56.549999999999997156,replace('b3JkZXI6IDE2MTsgYW1vdW50X3BhaWQ6IDU2LjU1OyByZWNlaXZlZDogMjAx\nOS0wNC0xMTsgY2FyZDogVklTQSAqKioqOTAxMjsgYmlsbGluZyB6aXA6IDUw\nOTkx\n','\n',char(10)));
INSERT INTO orders VALUES(162,38,53,'2019-03-04',57.64999999999999858,replace('b3JkZXI6IDE2MjsgYW1vdW50X3BhaWQ6IDU3LjY1OyByZWNlaXZlZDogMjAx\nOS0wMy0wNDsgY2FyZDogVklTQSAqKioqOTAxMjsgYmlsbGluZyB6aXA6IDUw\nOTkx\n','\n',char(10)));
INSERT INTO orders VALUES(163,39,55,'2019-02-27',10.499999999999999999,replace('b3JkZXI6IDE2MzsgYW1vdW50X3BhaWQ6IDEwLjU7IHJlY2VpdmVkOiAyMDE5\nLTAyLTI3OyBjYXJkOiBWSVNBICoqKio5MDEyOyBiaWxsaW5nIHppcDogMjQx\nODA=\n','\n',char(10)));
INSERT INTO orders VALUES(164,39,55,'2019-05-24',41.750000000000000001,replace('b3JkZXI6IDE2NDsgYW1vdW50X3BhaWQ6IDQxLjc1OyByZWNlaXZlZDogMjAx\nOS0wNS0yNDsgY2FyZDogVklTQSAqKioqOTAxMjsgYmlsbGluZyB6aXA6IDI0\nMTgw\n','\n',char(10)));
INSERT INTO orders VALUES(165,39,55,'2019-05-01',38.499999999999999999,replace('b3JkZXI6IDE2NTsgYW1vdW50X3BhaWQ6IDM4LjU7IHJlY2VpdmVkOiAyMDE5\nLTA1LTAxOyBjYXJkOiBWSVNBICoqKio5MDEyOyBiaWxsaW5nIHppcDogMjQx\nODA=\n','\n',char(10)));
INSERT INTO orders VALUES(166,40,56,'2019-04-24',11.900000000000000355,replace('b3JkZXI6IDE2NjsgYW1vdW50X3BhaWQ6IDExLjk7IHJlY2VpdmVkOiAyMDE5\nLTA0LTI0OyBjYXJkOiBWSVNBICoqKio5MDEyOyBiaWxsaW5nIHppcDogMjYx\nMzY=\n','\n',char(10)));
INSERT INTO orders VALUES(167,41,57,'2019-04-25',25.80000000000000071,replace('b3JkZXI6IDE2NzsgYW1vdW50X3BhaWQ6IDI1Ljg7IHJlY2VpdmVkOiAyMDE5\nLTA0LTI1OyBjYXJkOiBWSVNBICoqKio5MDEyOyBiaWxsaW5nIHppcDogNjcx\nMjI=\n','\n',char(10)));
INSERT INTO orders VALUES(168,41,57,'2019-01-19',87.349999999999994315,replace('b3JkZXI6IDE2ODsgYW1vdW50X3BhaWQ6IDg3LjM1OyByZWNlaXZlZDogMjAx\nOS0wMS0xOTsgY2FyZDogVklTQSAqKioqOTAxMjsgYmlsbGluZyB6aXA6IDY3\nMTIy\n','\n',char(10)));
INSERT INTO orders VALUES(169,41,57,'2019-01-29',19.850000000000001421,replace('b3JkZXI6IDE2OTsgYW1vdW50X3BhaWQ6IDE5Ljg1OyByZWNlaXZlZDogMjAx\nOS0wMS0yOTsgY2FyZDogVklTQSAqKioqOTAxMjsgYmlsbGluZyB6aXA6IDY3\nMTIy\n','\n',char(10)));
INSERT INTO orders VALUES(170,41,57,'2019-05-15',19.0,replace('b3JkZXI6IDE3MDsgYW1vdW50X3BhaWQ6IDE5LjA7IHJlY2VpdmVkOiAyMDE5\nLTA1LTE1OyBjYXJkOiBWSVNBICoqKio5MDEyOyBiaWxsaW5nIHppcDogNjcx\nMjI=\n','\n',char(10)));
INSERT INTO orders VALUES(171,41,57,'2019-04-22',71.849999999999994313,replace('b3JkZXI6IDE3MTsgYW1vdW50X3BhaWQ6IDcxLjg1OyByZWNlaXZlZDogMjAx\nOS0wNC0yMjsgY2FyZDogVklTQSAqKioqOTAxMjsgYmlsbGluZyB6aXA6IDY3\nMTIy\n','\n',char(10)));
INSERT INTO orders VALUES(172,41,57,'2019-05-04',104.59999999999999431,replace('b3JkZXI6IDE3MjsgYW1vdW50X3BhaWQ6IDEwNC42OyByZWNlaXZlZDogMjAx\nOS0wNS0wNDsgY2FyZDogVklTQSAqKioqOTAxMjsgYmlsbGluZyB6aXA6IDY3\nMTIy\n','\n',char(10)));
INSERT INTO orders VALUES(173,41,57,'2019-03-04',49.149999999999998577,replace('b3JkZXI6IDE3MzsgYW1vdW50X3BhaWQ6IDQ5LjE1OyByZWNlaXZlZDogMjAx\nOS0wMy0wNDsgY2FyZDogVklTQSAqKioqOTAxMjsgYmlsbGluZyB6aXA6IDY3\nMTIy\n','\n',char(10)));
INSERT INTO orders VALUES(174,41,57,'2019-04-08',65.20000000000000284,replace('b3JkZXI6IDE3NDsgYW1vdW50X3BhaWQ6IDY1LjI7IHJlY2VpdmVkOiAyMDE5\nLTA0LTA4OyBjYXJkOiBWSVNBICoqKio5MDEyOyBiaWxsaW5nIHppcDogNjcx\nMjI=\n','\n',char(10)));
INSERT INTO orders VALUES(175,41,57,'2019-05-26',19.25,replace('b3JkZXI6IDE3NTsgYW1vdW50X3BhaWQ6IDE5LjI1OyByZWNlaXZlZDogMjAx\nOS0wNS0yNjsgY2FyZDogVklTQSAqKioqOTAxMjsgYmlsbGluZyB6aXA6IDY3\nMTIy\n','\n',char(10)));
INSERT INTO orders VALUES(176,41,57,'2019-04-22',48.149999999999998578,replace('b3JkZXI6IDE3NjsgYW1vdW50X3BhaWQ6IDQ4LjE1OyByZWNlaXZlZDogMjAx\nOS0wNC0yMjsgY2FyZDogVklTQSAqKioqOTAxMjsgYmlsbGluZyB6aXA6IDY3\nMTIy\n','\n',char(10)));
INSERT INTO orders VALUES(177,41,57,'2019-04-02',33.950000000000002842,replace('b3JkZXI6IDE3NzsgYW1vdW50X3BhaWQ6IDMzLjk1OyByZWNlaXZlZDogMjAx\nOS0wNC0wMjsgY2FyZDogVklTQSAqKioqOTAxMjsgYmlsbGluZyB6aXA6IDY3\nMTIy\n','\n',char(10)));
INSERT INTO orders VALUES(178,41,57,'2019-05-06',31.050000000000000711,replace('b3JkZXI6IDE3ODsgYW1vdW50X3BhaWQ6IDMxLjA1OyByZWNlaXZlZDogMjAx\nOS0wNS0wNjsgY2FyZDogVklTQSAqKioqOTAxMjsgYmlsbGluZyB6aXA6IDY3\nMTIy\n','\n',char(10)));
INSERT INTO orders VALUES(179,42,58,'2019-03-29',48.449999999999995735,replace('b3JkZXI6IDE3OTsgYW1vdW50X3BhaWQ6IDQ4LjQ0OTk5OTk5OTk5OTk5Njsg\ncmVjZWl2ZWQ6IDIwMTktMDMtMjk7IGNhcmQ6IFZJU0EgKioqKjkwMTI7IGJp\nbGxpbmcgemlwOiA3MjI0OQ==\n','\n',char(10)));
INSERT INTO orders VALUES(180,42,58,'2019-05-04',107.84999999999999431,replace('b3JkZXI6IDE4MDsgYW1vdW50X3BhaWQ6IDEwNy44NTsgcmVjZWl2ZWQ6IDIw\nMTktMDUtMDQ7IGNhcmQ6IFZJU0EgKioqKjkwMTI7IGJpbGxpbmcgemlwOiA3\nMjI0OQ==\n','\n',char(10)));
INSERT INTO orders VALUES(181,42,58,'2019-02-11',35.999999999999999999,replace('b3JkZXI6IDE4MTsgYW1vdW50X3BhaWQ6IDM2LjA7IHJlY2VpdmVkOiAyMDE5\nLTAyLTExOyBjYXJkOiBWSVNBICoqKio5MDEyOyBiaWxsaW5nIHppcDogNzIy\nNDk=\n','\n',char(10)));
INSERT INTO orders VALUES(182,43,59,'2019-03-16',41.950000000000002842,replace('b3JkZXI6IDE4MjsgYW1vdW50X3BhaWQ6IDQxLjk1OyByZWNlaXZlZDogMjAx\nOS0wMy0xNjsgY2FyZDogVklTQSAqKioqOTAxMjsgYmlsbGluZyB6aXA6IDc1\nMTA1\n','\n',char(10)));
INSERT INTO orders VALUES(183,43,59,'2019-04-08',112.70000000000000284,replace('b3JkZXI6IDE4MzsgYW1vdW50X3BhaWQ6IDExMi43OyByZWNlaXZlZDogMjAx\nOS0wNC0wODsgY2FyZDogVklTQSAqKioqOTAxMjsgYmlsbGluZyB6aXA6IDc1\nMTA1\n','\n',char(10)));
INSERT INTO orders VALUES(184,44,60,'2019-03-24',81.900000000000005686,replace('b3JkZXI6IDE4NDsgYW1vdW50X3BhaWQ6IDgxLjk7IHJlY2VpdmVkOiAyMDE5\nLTAzLTI0OyBjYXJkOiBWSVNBICoqKio5MDEyOyBiaWxsaW5nIHppcDogMjU3\nMzk=\n','\n',char(10)));
INSERT INTO orders VALUES(185,44,61,'2019-02-09',59.450000000000002842,replace('b3JkZXI6IDE4NTsgYW1vdW50X3BhaWQ6IDU5LjQ1OyByZWNlaXZlZDogMjAx\nOS0wMi0wOTsgY2FyZDogVklTQSAqKioqOTAxMjsgYmlsbGluZyB6aXA6IDI1\nNzM5\n','\n',char(10)));
INSERT INTO orders VALUES(186,44,61,'2019-01-03',21.800000000000000709,replace('b3JkZXI6IDE4NjsgYW1vdW50X3BhaWQ6IDIxLjg7IHJlY2VpdmVkOiAyMDE5\nLTAxLTAzOyBjYXJkOiBWSVNBICoqKio5MDEyOyBiaWxsaW5nIHppcDogMjU3\nMzk=\n','\n',char(10)));
INSERT INTO orders VALUES(187,44,60,'2019-04-15',47.249999999999999999,replace('b3JkZXI6IDE4NzsgYW1vdW50X3BhaWQ6IDQ3LjI1OyByZWNlaXZlZDogMjAx\nOS0wNC0xNTsgY2FyZDogVklTQSAqKioqOTAxMjsgYmlsbGluZyB6aXA6IDI1\nNzM5\n','\n',char(10)));
INSERT INTO orders VALUES(188,45,62,'2019-04-10',6.9500000000000001776,replace('b3JkZXI6IDE4ODsgYW1vdW50X3BhaWQ6IDYuOTU7IHJlY2VpdmVkOiAyMDE5\nLTA0LTEwOyBjYXJkOiBWSVNBICoqKio5MDEyOyBiaWxsaW5nIHppcDogOTAy\nMTk=\n','\n',char(10)));
INSERT INTO orders VALUES(189,46,63,'2019-02-25',75.450000000000002841,replace('b3JkZXI6IDE4OTsgYW1vdW50X3BhaWQ6IDc1LjQ1OyByZWNlaXZlZDogMjAx\nOS0wMi0yNTsgY2FyZDogVklTQSAqKioqOTAxMjsgYmlsbGluZyB6aXA6IDk3\nNzc2\n','\n',char(10)));
INSERT INTO orders VALUES(190,46,63,'2019-03-29',34.299999999999997157,replace('b3JkZXI6IDE5MDsgYW1vdW50X3BhaWQ6IDM0LjM7IHJlY2VpdmVkOiAyMDE5\nLTAzLTI5OyBjYXJkOiBWSVNBICoqKio5MDEyOyBiaWxsaW5nIHppcDogOTc3\nNzY=\n','\n',char(10)));
INSERT INTO orders VALUES(191,46,63,'2019-02-10',20.399999999999998579,replace('b3JkZXI6IDE5MTsgYW1vdW50X3BhaWQ6IDIwLjQ7IHJlY2VpdmVkOiAyMDE5\nLTAyLTEwOyBjYXJkOiBWSVNBICoqKio5MDEyOyBiaWxsaW5nIHppcDogOTc3\nNzY=\n','\n',char(10)));
INSERT INTO orders VALUES(192,47,65,'2019-05-22',59.499999999999999998,replace('b3JkZXI6IDE5MjsgYW1vdW50X3BhaWQ6IDU5LjU7IHJlY2VpdmVkOiAyMDE5\nLTA1LTIyOyBjYXJkOiBWSVNBICoqKio5MDEyOyBiaWxsaW5nIHppcDogNjk5\nMDE=\n','\n',char(10)));
INSERT INTO orders VALUES(193,47,64,'2019-05-11',23.75,replace('b3JkZXI6IDE5MzsgYW1vdW50X3BhaWQ6IDIzLjc1OyByZWNlaXZlZDogMjAx\nOS0wNS0xMTsgY2FyZDogVklTQSAqKioqOTAxMjsgYmlsbGluZyB6aXA6IDY5\nOTAx\n','\n',char(10)));
INSERT INTO orders VALUES(194,47,65,'2019-02-26',55.999999999999999999,replace('b3JkZXI6IDE5NDsgYW1vdW50X3BhaWQ6IDU2LjA7IHJlY2VpdmVkOiAyMDE5\nLTAyLTI2OyBjYXJkOiBWSVNBICoqKio5MDEyOyBiaWxsaW5nIHppcDogNjk5\nMDE=\n','\n',char(10)));
INSERT INTO orders VALUES(195,48,67,'2019-02-15',27.5,replace('b3JkZXI6IDE5NTsgYW1vdW50X3BhaWQ6IDI3LjU7IHJlY2VpdmVkOiAyMDE5\nLTAyLTE1OyBjYXJkOiBWSVNBICoqKio5MDEyOyBiaWxsaW5nIHppcDogMDI4\nMDQ=\n','\n',char(10)));
INSERT INTO orders VALUES(196,49,68,'2019-01-26',25.949999999999999289,replace('b3JkZXI6IDE5NjsgYW1vdW50X3BhaWQ6IDI1Ljk1OyByZWNlaXZlZDogMjAx\nOS0wMS0yNjsgY2FyZDogVklTQSAqKioqOTAxMjsgYmlsbGluZyB6aXA6IDQ1\nNzM3\n','\n',char(10)));
INSERT INTO orders VALUES(197,49,68,'2019-05-11',35.999999999999999999,replace('b3JkZXI6IDE5NzsgYW1vdW50X3BhaWQ6IDM2LjA7IHJlY2VpdmVkOiAyMDE5\nLTA1LTExOyBjYXJkOiBWSVNBICoqKio5MDEyOyBiaWxsaW5nIHppcDogNDU3\nMzc=\n','\n',char(10)));
INSERT INTO orders VALUES(198,49,68,'2019-04-08',93.999999999999999996,replace('b3JkZXI6IDE5ODsgYW1vdW50X3BhaWQ6IDk0LjA7IHJlY2VpdmVkOiAyMDE5\nLTA0LTA4OyBjYXJkOiBWSVNBICoqKio5MDEyOyBiaWxsaW5nIHppcDogNDU3\nMzc=\n','\n',char(10)));
INSERT INTO orders VALUES(199,50,69,'2019-02-04',12.449999999999999289,replace('b3JkZXI6IDE5OTsgYW1vdW50X3BhaWQ6IDEyLjQ1OyByZWNlaXZlZDogMjAx\nOS0wMi0wNDsgY2FyZDogVklTQSAqKioqOTAxMjsgYmlsbGluZyB6aXA6IDYy\nNDI3\n','\n',char(10)));
INSERT INTO orders VALUES(200,51,70,'2019-03-29',53.249999999999999998,replace('b3JkZXI6IDIwMDsgYW1vdW50X3BhaWQ6IDUzLjI1OyByZWNlaXZlZDogMjAx\nOS0wMy0yOTsgY2FyZDogVklTQSAqKioqOTAxMjsgYmlsbGluZyB6aXA6IDYy\nNDYw\n','\n',char(10)));
INSERT INTO orders VALUES(201,51,70,'2019-02-14',52.149999999999998578,replace('b3JkZXI6IDIwMTsgYW1vdW50X3BhaWQ6IDUyLjE1OyByZWNlaXZlZDogMjAx\nOS0wMi0xNDsgY2FyZDogVklTQSAqKioqOTAxMjsgYmlsbGluZyB6aXA6IDYy\nNDYw\n','\n',char(10)));
INSERT INTO orders VALUES(202,51,71,'2019-05-04',32.549999999999997158,replace('b3JkZXI6IDIwMjsgYW1vdW50X3BhaWQ6IDMyLjU1OyByZWNlaXZlZDogMjAx\nOS0wNS0wNDsgY2FyZDogVklTQSAqKioqOTAxMjsgYmlsbGluZyB6aXA6IDYy\nNDYw\n','\n',char(10)));
INSERT INTO orders VALUES(203,51,70,'2019-05-24',87.90000000000000568,replace('b3JkZXI6IDIwMzsgYW1vdW50X3BhaWQ6IDg3Ljk7IHJlY2VpdmVkOiAyMDE5\nLTA1LTI0OyBjYXJkOiBWSVNBICoqKio5MDEyOyBiaWxsaW5nIHppcDogNjI0\nNjA=\n','\n',char(10)));
INSERT INTO orders VALUES(204,51,70,'2019-03-21',84.450000000000002842,replace('b3JkZXI6IDIwNDsgYW1vdW50X3BhaWQ6IDg0LjQ1OyByZWNlaXZlZDogMjAx\nOS0wMy0yMTsgY2FyZDogVklTQSAqKioqOTAxMjsgYmlsbGluZyB6aXA6IDYy\nNDYw\n','\n',char(10)));
INSERT INTO orders VALUES(205,51,70,'2019-05-17',35.399999999999998579,replace('b3JkZXI6IDIwNTsgYW1vdW50X3BhaWQ6IDM1LjQ7IHJlY2VpdmVkOiAyMDE5\nLTA1LTE3OyBjYXJkOiBWSVNBICoqKio5MDEyOyBiaWxsaW5nIHppcDogNjI0\nNjA=\n','\n',char(10)));
INSERT INTO orders VALUES(206,51,70,'2019-04-27',30.499999999999999999,replace('b3JkZXI6IDIwNjsgYW1vdW50X3BhaWQ6IDMwLjU7IHJlY2VpdmVkOiAyMDE5\nLTA0LTI3OyBjYXJkOiBWSVNBICoqKio5MDEyOyBiaWxsaW5nIHppcDogNjI0\nNjA=\n','\n',char(10)));
INSERT INTO orders VALUES(207,51,71,'2019-03-30',60.10000000000000142,replace('b3JkZXI6IDIwNzsgYW1vdW50X3BhaWQ6IDYwLjE7IHJlY2VpdmVkOiAyMDE5\nLTAzLTMwOyBjYXJkOiBWSVNBICoqKio5MDEyOyBiaWxsaW5nIHppcDogNjI0\nNjA=\n','\n',char(10)));
INSERT INTO orders VALUES(208,51,70,'2019-01-24',19.0,replace('b3JkZXI6IDIwODsgYW1vdW50X3BhaWQ6IDE5LjA7IHJlY2VpdmVkOiAyMDE5\nLTAxLTI0OyBjYXJkOiBWSVNBICoqKio5MDEyOyBiaWxsaW5nIHppcDogNjI0\nNjA=\n','\n',char(10)));
INSERT INTO orders VALUES(209,52,72,'2019-05-12',16.0,replace('b3JkZXI6IDIwOTsgYW1vdW50X3BhaWQ6IDE2LjA7IHJlY2VpdmVkOiAyMDE5\nLTA1LTEyOyBjYXJkOiBWSVNBICoqKio5MDEyOyBiaWxsaW5nIHppcDogMTYz\nNjA=\n','\n',char(10)));
INSERT INTO orders VALUES(210,52,72,'2019-05-22',47.049999999999997158,replace('b3JkZXI6IDIxMDsgYW1vdW50X3BhaWQ6IDQ3LjA1OyByZWNlaXZlZDogMjAx\nOS0wNS0yMjsgY2FyZDogVklTQSAqKioqOTAxMjsgYmlsbGluZyB6aXA6IDE2\nMzYw\n','\n',char(10)));
INSERT INTO orders VALUES(211,52,72,'2019-02-20',27.5,replace('b3JkZXI6IDIxMTsgYW1vdW50X3BhaWQ6IDI3LjU7IHJlY2VpdmVkOiAyMDE5\nLTAyLTIwOyBjYXJkOiBWSVNBICoqKio5MDEyOyBiaWxsaW5nIHppcDogMTYz\nNjA=\n','\n',char(10)));
INSERT INTO orders VALUES(212,52,72,'2019-01-03',27.5,replace('b3JkZXI6IDIxMjsgYW1vdW50X3BhaWQ6IDI3LjU7IHJlY2VpdmVkOiAyMDE5\nLTAxLTAzOyBjYXJkOiBWSVNBICoqKio5MDEyOyBiaWxsaW5nIHppcDogMTYz\nNjA=\n','\n',char(10)));
INSERT INTO orders VALUES(213,52,72,'2019-02-26',123.14999999999999147,replace('b3JkZXI6IDIxMzsgYW1vdW50X3BhaWQ6IDEyMy4xNDk5OTk5OTk5OTk5OTsg\ncmVjZWl2ZWQ6IDIwMTktMDItMjY7IGNhcmQ6IFZJU0EgKioqKjkwMTI7IGJp\nbGxpbmcgemlwOiAxNjM2MA==\n','\n',char(10)));
INSERT INTO orders VALUES(214,52,72,'2019-01-16',41.950000000000002842,replace('b3JkZXI6IDIxNDsgYW1vdW50X3BhaWQ6IDQxLjk1OyByZWNlaXZlZDogMjAx\nOS0wMS0xNjsgY2FyZDogVklTQSAqKioqOTAxMjsgYmlsbGluZyB6aXA6IDE2\nMzYw\n','\n',char(10)));
INSERT INTO orders VALUES(215,52,72,'2019-03-03',65.349999999999994317,replace('b3JkZXI6IDIxNTsgYW1vdW50X3BhaWQ6IDY1LjM1OyByZWNlaXZlZDogMjAx\nOS0wMy0wMzsgY2FyZDogVklTQSAqKioqOTAxMjsgYmlsbGluZyB6aXA6IDE2\nMzYw\n','\n',char(10)));
INSERT INTO orders VALUES(216,52,72,'2019-04-28',21.800000000000000709,replace('b3JkZXI6IDIxNjsgYW1vdW50X3BhaWQ6IDIxLjg7IHJlY2VpdmVkOiAyMDE5\nLTA0LTI4OyBjYXJkOiBWSVNBICoqKio5MDEyOyBiaWxsaW5nIHppcDogMTYz\nNjA=\n','\n',char(10)));
INSERT INTO orders VALUES(217,52,72,'2019-02-19',31.950000000000002842,replace('b3JkZXI6IDIxNzsgYW1vdW50X3BhaWQ6IDMxLjk1MDAwMDAwMDAwMDAwMzsg\ncmVjZWl2ZWQ6IDIwMTktMDItMTk7IGNhcmQ6IFZJU0EgKioqKjkwMTI7IGJp\nbGxpbmcgemlwOiAxNjM2MA==\n','\n',char(10)));
INSERT INTO orders VALUES(218,53,73,'2019-01-27',137.94999999999998863,replace('b3JkZXI6IDIxODsgYW1vdW50X3BhaWQ6IDEzNy45NTsgcmVjZWl2ZWQ6IDIw\nMTktMDEtMjc7IGNhcmQ6IFZJU0EgKioqKjkwMTI7IGJpbGxpbmcgemlwOiA5\nNTM4OQ==\n','\n',char(10)));
INSERT INTO orders VALUES(219,53,74,'2019-05-21',38.349999999999994314,replace('b3JkZXI6IDIxOTsgYW1vdW50X3BhaWQ6IDM4LjM0OTk5OTk5OTk5OTk5NDsg\ncmVjZWl2ZWQ6IDIwMTktMDUtMjE7IGNhcmQ6IFZJU0EgKioqKjkwMTI7IGJp\nbGxpbmcgemlwOiA5NTM4OQ==\n','\n',char(10)));
INSERT INTO orders VALUES(220,54,75,'2019-02-10',45.500000000000000001,replace('b3JkZXI6IDIyMDsgYW1vdW50X3BhaWQ6IDQ1LjU7IHJlY2VpdmVkOiAyMDE5\nLTAyLTEwOyBjYXJkOiBWSVNBICoqKio5MDEyOyBiaWxsaW5nIHppcDogMDcx\nMjk=\n','\n',char(10)));
INSERT INTO orders VALUES(221,54,75,'2019-01-07',33.85000000000000142,replace('b3JkZXI6IDIyMTsgYW1vdW50X3BhaWQ6IDMzLjg1OyByZWNlaXZlZDogMjAx\nOS0wMS0wNzsgY2FyZDogVklTQSAqKioqOTAxMjsgYmlsbGluZyB6aXA6IDA3\nMTI5\n','\n',char(10)));
INSERT INTO orders VALUES(222,54,75,'2019-01-08',10.499999999999999999,replace('b3JkZXI6IDIyMjsgYW1vdW50X3BhaWQ6IDEwLjU7IHJlY2VpdmVkOiAyMDE5\nLTAxLTA4OyBjYXJkOiBWSVNBICoqKio5MDEyOyBiaWxsaW5nIHppcDogMDcx\nMjk=\n','\n',char(10)));
INSERT INTO orders VALUES(223,54,75,'2019-04-05',56.549999999999997156,replace('b3JkZXI6IDIyMzsgYW1vdW50X3BhaWQ6IDU2LjU1OyByZWNlaXZlZDogMjAx\nOS0wNC0wNTsgY2FyZDogVklTQSAqKioqOTAxMjsgYmlsbGluZyB6aXA6IDA3\nMTI5\n','\n',char(10)));
INSERT INTO orders VALUES(224,54,75,'2019-03-27',114.49999999999999999,replace('b3JkZXI6IDIyNDsgYW1vdW50X3BhaWQ6IDExNC41OyByZWNlaXZlZDogMjAx\nOS0wMy0yNzsgY2FyZDogVklTQSAqKioqOTAxMjsgYmlsbGluZyB6aXA6IDA3\nMTI5\n','\n',char(10)));
INSERT INTO orders VALUES(225,54,75,'2019-02-05',40.0,replace('b3JkZXI6IDIyNTsgYW1vdW50X3BhaWQ6IDQwLjA7IHJlY2VpdmVkOiAyMDE5\nLTAyLTA1OyBjYXJkOiBWSVNBICoqKio5MDEyOyBiaWxsaW5nIHppcDogMDcx\nMjk=\n','\n',char(10)));
INSERT INTO orders VALUES(226,54,75,'2019-05-19',51.049999999999997159,replace('b3JkZXI6IDIyNjsgYW1vdW50X3BhaWQ6IDUxLjA1OyByZWNlaXZlZDogMjAx\nOS0wNS0xOTsgY2FyZDogVklTQSAqKioqOTAxMjsgYmlsbGluZyB6aXA6IDA3\nMTI5\n','\n',char(10)));
INSERT INTO orders VALUES(227,55,76,'2019-03-22',94.450000000000002842,replace('b3JkZXI6IDIyNzsgYW1vdW50X3BhaWQ6IDk0LjQ1OyByZWNlaXZlZDogMjAx\nOS0wMy0yMjsgY2FyZDogVklTQSAqKioqOTAxMjsgYmlsbGluZyB6aXA6IDAw\nMTM5\n','\n',char(10)));
INSERT INTO orders VALUES(228,55,77,'2019-03-29',10.499999999999999999,replace('b3JkZXI6IDIyODsgYW1vdW50X3BhaWQ6IDEwLjU7IHJlY2VpdmVkOiAyMDE5\nLTAzLTI5OyBjYXJkOiBWSVNBICoqKio5MDEyOyBiaWxsaW5nIHppcDogMDAx\nMzk=\n','\n',char(10)));
INSERT INTO orders VALUES(229,55,77,'2019-03-10',63.149999999999998578,replace('b3JkZXI6IDIyOTsgYW1vdW50X3BhaWQ6IDYzLjE1OyByZWNlaXZlZDogMjAx\nOS0wMy0xMDsgY2FyZDogVklTQSAqKioqOTAxMjsgYmlsbGluZyB6aXA6IDAw\nMTM5\n','\n',char(10)));
INSERT INTO orders VALUES(230,55,77,'2019-05-06',21.800000000000000709,replace('b3JkZXI6IDIzMDsgYW1vdW50X3BhaWQ6IDIxLjg7IHJlY2VpdmVkOiAyMDE5\nLTA1LTA2OyBjYXJkOiBWSVNBICoqKio5MDEyOyBiaWxsaW5nIHppcDogMDAx\nMzk=\n','\n',char(10)));
INSERT INTO orders VALUES(231,56,80,'2019-03-16',16.850000000000001421,replace('b3JkZXI6IDIzMTsgYW1vdW50X3BhaWQ6IDE2Ljg1OyByZWNlaXZlZDogMjAx\nOS0wMy0xNjsgY2FyZDogVklTQSAqKioqOTAxMjsgYmlsbGluZyB6aXA6IDc5\nMjg4\n','\n',char(10)));
INSERT INTO orders VALUES(232,56,79,'2019-03-06',63.100000000000001421,replace('b3JkZXI6IDIzMjsgYW1vdW50X3BhaWQ6IDYzLjE7IHJlY2VpdmVkOiAyMDE5\nLTAzLTA2OyBjYXJkOiBWSVNBICoqKio5MDEyOyBiaWxsaW5nIHppcDogNzky\nODg=\n','\n',char(10)));
INSERT INTO orders VALUES(233,57,81,'2019-03-19',48.149999999999998578,replace('b3JkZXI6IDIzMzsgYW1vdW50X3BhaWQ6IDQ4LjE1OyByZWNlaXZlZDogMjAx\nOS0wMy0xOTsgY2FyZDogVklTQSAqKioqOTAxMjsgYmlsbGluZyB6aXA6IDU0\nMjEy\n','\n',char(10)));
INSERT INTO orders VALUES(234,58,84,'2019-03-15',47.64999999999999858,replace('b3JkZXI6IDIzNDsgYW1vdW50X3BhaWQ6IDQ3LjY1OyByZWNlaXZlZDogMjAx\nOS0wMy0xNTsgY2FyZDogVklTQSAqKioqOTAxMjsgYmlsbGluZyB6aXA6IDEy\nNzE0\n','\n',char(10)));
INSERT INTO orders VALUES(235,58,84,'2019-02-01',76.400000000000005684,replace('b3JkZXI6IDIzNTsgYW1vdW50X3BhaWQ6IDc2LjQ7IHJlY2VpdmVkOiAyMDE5\nLTAyLTAxOyBjYXJkOiBWSVNBICoqKio5MDEyOyBiaWxsaW5nIHppcDogMTI3\nMTQ=\n','\n',char(10)));
INSERT INTO orders VALUES(236,58,84,'2019-05-11',13.449999999999999289,replace('b3JkZXI6IDIzNjsgYW1vdW50X3BhaWQ6IDEzLjQ1OyByZWNlaXZlZDogMjAx\nOS0wNS0xMTsgY2FyZDogVklTQSAqKioqOTAxMjsgYmlsbGluZyB6aXA6IDEy\nNzE0\n','\n',char(10)));
INSERT INTO orders VALUES(237,58,84,'2019-05-11',41.5,replace('b3JkZXI6IDIzNzsgYW1vdW50X3BhaWQ6IDQxLjU7IHJlY2VpdmVkOiAyMDE5\nLTA1LTExOyBjYXJkOiBWSVNBICoqKio5MDEyOyBiaWxsaW5nIHppcDogMTI3\nMTQ=\n','\n',char(10)));
INSERT INTO orders VALUES(238,58,84,'2019-04-24',52.5,replace('b3JkZXI6IDIzODsgYW1vdW50X3BhaWQ6IDUyLjU7IHJlY2VpdmVkOiAyMDE5\nLTA0LTI0OyBjYXJkOiBWSVNBICoqKio5MDEyOyBiaWxsaW5nIHppcDogMTI3\nMTQ=\n','\n',char(10)));
INSERT INTO orders VALUES(239,58,84,'2019-01-26',56.049999999999997159,replace('b3JkZXI6IDIzOTsgYW1vdW50X3BhaWQ6IDU2LjA1OyByZWNlaXZlZDogMjAx\nOS0wMS0yNjsgY2FyZDogVklTQSAqKioqOTAxMjsgYmlsbGluZyB6aXA6IDEy\nNzE0\n','\n',char(10)));
INSERT INTO orders VALUES(240,59,85,'2019-04-02',30.499999999999999999,replace('b3JkZXI6IDI0MDsgYW1vdW50X3BhaWQ6IDMwLjU7IHJlY2VpdmVkOiAyMDE5\nLTA0LTAyOyBjYXJkOiBWSVNBICoqKio5MDEyOyBiaWxsaW5nIHppcDogODE2\nODE=\n','\n',char(10)));
INSERT INTO orders VALUES(241,59,85,'2019-02-05',57.350000000000001419,replace('b3JkZXI6IDI0MTsgYW1vdW50X3BhaWQ6IDU3LjM1OyByZWNlaXZlZDogMjAx\nOS0wMi0wNTsgY2FyZDogVklTQSAqKioqOTAxMjsgYmlsbGluZyB6aXA6IDgx\nNjgx\n','\n',char(10)));
INSERT INTO orders VALUES(242,59,85,'2019-02-24',47.550000000000004264,replace('b3JkZXI6IDI0MjsgYW1vdW50X3BhaWQ6IDQ3LjU1MDAwMDAwMDAwMDAwNDsg\ncmVjZWl2ZWQ6IDIwMTktMDItMjQ7IGNhcmQ6IFZJU0EgKioqKjkwMTI7IGJp\nbGxpbmcgemlwOiA4MTY4MQ==\n','\n',char(10)));
INSERT INTO orders VALUES(243,59,85,'2019-05-17',32.5,replace('b3JkZXI6IDI0MzsgYW1vdW50X3BhaWQ6IDMyLjU7IHJlY2VpdmVkOiAyMDE5\nLTA1LTE3OyBjYXJkOiBWSVNBICoqKio5MDEyOyBiaWxsaW5nIHppcDogODE2\nODE=\n','\n',char(10)));
INSERT INTO orders VALUES(244,59,85,'2019-01-28',30.899999999999998578,replace('b3JkZXI6IDI0NDsgYW1vdW50X3BhaWQ6IDMwLjk7IHJlY2VpdmVkOiAyMDE5\nLTAxLTI4OyBjYXJkOiBWSVNBICoqKio5MDEyOyBiaWxsaW5nIHppcDogODE2\nODE=\n','\n',char(10)));
INSERT INTO orders VALUES(245,59,85,'2019-02-24',96.550000000000011368,replace('b3JkZXI6IDI0NTsgYW1vdW50X3BhaWQ6IDk2LjU1MDAwMDAwMDAwMDAxOyBy\nZWNlaXZlZDogMjAxOS0wMi0yNDsgY2FyZDogVklTQSAqKioqOTAxMjsgYmls\nbGluZyB6aXA6IDgxNjgx\n','\n',char(10)));
INSERT INTO orders VALUES(246,59,85,'2019-03-06',98.350000000000008526,replace('b3JkZXI6IDI0NjsgYW1vdW50X3BhaWQ6IDk4LjM1MDAwMDAwMDAwMDAxOyBy\nZWNlaXZlZDogMjAxOS0wMy0wNjsgY2FyZDogVklTQSAqKioqOTAxMjsgYmls\nbGluZyB6aXA6IDgxNjgx\n','\n',char(10)));
INSERT INTO orders VALUES(247,59,85,'2019-01-02',6.9500000000000001776,replace('b3JkZXI6IDI0NzsgYW1vdW50X3BhaWQ6IDYuOTU7IHJlY2VpdmVkOiAyMDE5\nLTAxLTAyOyBjYXJkOiBWSVNBICoqKio5MDEyOyBiaWxsaW5nIHppcDogODE2\nODE=\n','\n',char(10)));
INSERT INTO orders VALUES(248,59,85,'2019-03-15',61.999999999999999998,replace('b3JkZXI6IDI0ODsgYW1vdW50X3BhaWQ6IDYyLjA7IHJlY2VpdmVkOiAyMDE5\nLTAzLTE1OyBjYXJkOiBWSVNBICoqKio5MDEyOyBiaWxsaW5nIHppcDogODE2\nODE=\n','\n',char(10)));
INSERT INTO orders VALUES(249,59,85,'2019-03-19',24.0,replace('b3JkZXI6IDI0OTsgYW1vdW50X3BhaWQ6IDI0LjA7IHJlY2VpdmVkOiAyMDE5\nLTAzLTE5OyBjYXJkOiBWSVNBICoqKio5MDEyOyBiaWxsaW5nIHppcDogODE2\nODE=\n','\n',char(10)));
INSERT INTO orders VALUES(250,59,85,'2019-04-04',28.499999999999999999,replace('b3JkZXI6IDI1MDsgYW1vdW50X3BhaWQ6IDI4LjU7IHJlY2VpdmVkOiAyMDE5\nLTA0LTA0OyBjYXJkOiBWSVNBICoqKio5MDEyOyBiaWxsaW5nIHppcDogODE2\nODE=\n','\n',char(10)));
INSERT INTO orders VALUES(251,59,85,'2019-01-29',20.999999999999999999,replace('b3JkZXI6IDI1MTsgYW1vdW50X3BhaWQ6IDIxLjA7IHJlY2VpdmVkOiAyMDE5\nLTAxLTI5OyBjYXJkOiBWSVNBICoqKio5MDEyOyBiaWxsaW5nIHppcDogODE2\nODE=\n','\n',char(10)));
INSERT INTO orders VALUES(252,60,86,'2019-03-25',19.850000000000001421,replace('b3JkZXI6IDI1MjsgYW1vdW50X3BhaWQ6IDE5Ljg1OyByZWNlaXZlZDogMjAx\nOS0wMy0yNTsgY2FyZDogVklTQSAqKioqOTAxMjsgYmlsbGluZyB6aXA6IDA1\nODI0\n','\n',char(10)));
INSERT INTO orders VALUES(253,61,87,'2019-04-21',57.899999999999998577,replace('b3JkZXI6IDI1MzsgYW1vdW50X3BhaWQ6IDU3Ljk7IHJlY2VpdmVkOiAyMDE5\nLTA0LTIxOyBjYXJkOiBWSVNBICoqKio5MDEyOyBiaWxsaW5nIHppcDogMTQw\nNjY=\n','\n',char(10)));
INSERT INTO orders VALUES(254,61,87,'2019-05-17',32.0,replace('b3JkZXI6IDI1NDsgYW1vdW50X3BhaWQ6IDMyLjA7IHJlY2VpdmVkOiAyMDE5\nLTA1LTE3OyBjYXJkOiBWSVNBICoqKio5MDEyOyBiaWxsaW5nIHppcDogMTQw\nNjY=\n','\n',char(10)));
INSERT INTO orders VALUES(255,62,89,'2019-01-06',28.899999999999998578,replace('b3JkZXI6IDI1NTsgYW1vdW50X3BhaWQ6IDI4Ljk7IHJlY2VpdmVkOiAyMDE5\nLTAxLTA2OyBjYXJkOiBWSVNBICoqKio5MDEyOyBiaWxsaW5nIHppcDogNDYy\nNTI=\n','\n',char(10)));
INSERT INTO orders VALUES(256,62,89,'2019-01-29',56.549999999999997156,replace('b3JkZXI6IDI1NjsgYW1vdW50X3BhaWQ6IDU2LjU1OyByZWNlaXZlZDogMjAx\nOS0wMS0yOTsgY2FyZDogVklTQSAqKioqOTAxMjsgYmlsbGluZyB6aXA6IDQ2\nMjUy\n','\n',char(10)));
INSERT INTO orders VALUES(257,62,89,'2019-02-15',10.499999999999999999,replace('b3JkZXI6IDI1NzsgYW1vdW50X3BhaWQ6IDEwLjU7IHJlY2VpdmVkOiAyMDE5\nLTAyLTE1OyBjYXJkOiBWSVNBICoqKio5MDEyOyBiaWxsaW5nIHppcDogNDYy\nNTI=\n','\n',char(10)));
INSERT INTO orders VALUES(258,63,91,'2019-04-03',61.999999999999999998,replace('b3JkZXI6IDI1ODsgYW1vdW50X3BhaWQ6IDYyLjA7IHJlY2VpdmVkOiAyMDE5\nLTA0LTAzOyBjYXJkOiBWSVNBICoqKio5MDEyOyBiaWxsaW5nIHppcDogOTM2\nMzU=\n','\n',char(10)));
INSERT INTO orders VALUES(259,63,90,'2019-01-04',51.550000000000004264,replace('b3JkZXI6IDI1OTsgYW1vdW50X3BhaWQ6IDUxLjU1MDAwMDAwMDAwMDAwNDsg\ncmVjZWl2ZWQ6IDIwMTktMDEtMDQ7IGNhcmQ6IFZJU0EgKioqKjkwMTI7IGJp\nbGxpbmcgemlwOiA5MzYzNQ==\n','\n',char(10)));
INSERT INTO orders VALUES(260,63,91,'2019-01-09',33.950000000000002842,replace('b3JkZXI6IDI2MDsgYW1vdW50X3BhaWQ6IDMzLjk1OyByZWNlaXZlZDogMjAx\nOS0wMS0wOTsgY2FyZDogVklTQSAqKioqOTAxMjsgYmlsbGluZyB6aXA6IDkz\nNjM1\n','\n',char(10)));
INSERT INTO orders VALUES(261,64,92,'2019-05-12',53.000000000000000001,replace('b3JkZXI6IDI2MTsgYW1vdW50X3BhaWQ6IDUzLjA7IHJlY2VpdmVkOiAyMDE5\nLTA1LTEyOyBjYXJkOiBWSVNBICoqKio5MDEyOyBiaWxsaW5nIHppcDogNTIw\nODk=\n','\n',char(10)));
INSERT INTO orders VALUES(262,64,93,'2019-05-12',32.5,replace('b3JkZXI6IDI2MjsgYW1vdW50X3BhaWQ6IDMyLjU7IHJlY2VpdmVkOiAyMDE5\nLTA1LTEyOyBjYXJkOiBWSVNBICoqKio5MDEyOyBiaWxsaW5nIHppcDogNTIw\nODk=\n','\n',char(10)));
INSERT INTO orders VALUES(263,64,93,'2019-02-06',27.5,replace('b3JkZXI6IDI2MzsgYW1vdW50X3BhaWQ6IDI3LjU7IHJlY2VpdmVkOiAyMDE5\nLTAyLTA2OyBjYXJkOiBWSVNBICoqKio5MDEyOyBiaWxsaW5nIHppcDogNTIw\nODk=\n','\n',char(10)));
INSERT INTO orders VALUES(264,65,94,'2019-01-08',10.499999999999999999,replace('b3JkZXI6IDI2NDsgYW1vdW50X3BhaWQ6IDEwLjU7IHJlY2VpdmVkOiAyMDE5\nLTAxLTA4OyBjYXJkOiBWSVNBICoqKio5MDEyOyBiaWxsaW5nIHppcDogNjc4\nOTU=\n','\n',char(10)));
INSERT INTO orders VALUES(265,65,94,'2019-03-27',86.799999999999997157,replace('b3JkZXI6IDI2NTsgYW1vdW50X3BhaWQ6IDg2Ljg7IHJlY2VpdmVkOiAyMDE5\nLTAzLTI3OyBjYXJkOiBWSVNBICoqKio5MDEyOyBiaWxsaW5nIHppcDogNjc4\nOTU=\n','\n',char(10)));
INSERT INTO orders VALUES(266,65,94,'2019-02-03',82.90000000000000568,replace('b3JkZXI6IDI2NjsgYW1vdW50X3BhaWQ6IDgyLjk7IHJlY2VpdmVkOiAyMDE5\nLTAyLTAzOyBjYXJkOiBWSVNBICoqKio5MDEyOyBiaWxsaW5nIHppcDogNjc4\nOTU=\n','\n',char(10)));
INSERT INTO orders VALUES(267,65,94,'2019-03-19',97.799999999999997161,replace('b3JkZXI6IDI2NzsgYW1vdW50X3BhaWQ6IDk3Ljg7IHJlY2VpdmVkOiAyMDE5\nLTAzLTE5OyBjYXJkOiBWSVNBICoqKio5MDEyOyBiaWxsaW5nIHppcDogNjc4\nOTU=\n','\n',char(10)));
INSERT INTO orders VALUES(268,65,94,'2019-05-15',47.249999999999999999,replace('b3JkZXI6IDI2ODsgYW1vdW50X3BhaWQ6IDQ3LjI1OyByZWNlaXZlZDogMjAx\nOS0wNS0xNTsgY2FyZDogVklTQSAqKioqOTAxMjsgYmlsbGluZyB6aXA6IDY3\nODk1\n','\n',char(10)));
INSERT INTO orders VALUES(269,65,94,'2019-02-20',58.450000000000002843,replace('b3JkZXI6IDI2OTsgYW1vdW50X3BhaWQ6IDU4LjQ1OyByZWNlaXZlZDogMjAx\nOS0wMi0yMDsgY2FyZDogVklTQSAqKioqOTAxMjsgYmlsbGluZyB6aXA6IDY3\nODk1\n','\n',char(10)));
INSERT INTO orders VALUES(270,65,94,'2019-04-28',52.75,replace('b3JkZXI6IDI3MDsgYW1vdW50X3BhaWQ6IDUyLjc1OyByZWNlaXZlZDogMjAx\nOS0wNC0yODsgY2FyZDogVklTQSAqKioqOTAxMjsgYmlsbGluZyB6aXA6IDY3\nODk1\n','\n',char(10)));
INSERT INTO orders VALUES(271,65,94,'2019-05-16',61.750000000000000001,replace('b3JkZXI6IDI3MTsgYW1vdW50X3BhaWQ6IDYxLjc1OyByZWNlaXZlZDogMjAx\nOS0wNS0xNjsgY2FyZDogVklTQSAqKioqOTAxMjsgYmlsbGluZyB6aXA6IDY3\nODk1\n','\n',char(10)));
INSERT INTO orders VALUES(272,65,94,'2019-01-29',7.5,replace('b3JkZXI6IDI3MjsgYW1vdW50X3BhaWQ6IDcuNTsgcmVjZWl2ZWQ6IDIwMTkt\nMDEtMjk7IGNhcmQ6IFZJU0EgKioqKjkwMTI7IGJpbGxpbmcgemlwOiA2Nzg5\nNQ==\n','\n',char(10)));
INSERT INTO orders VALUES(273,66,96,'2019-03-07',25.350000000000001421,replace('b3JkZXI6IDI3MzsgYW1vdW50X3BhaWQ6IDI1LjM1OyByZWNlaXZlZDogMjAx\nOS0wMy0wNzsgY2FyZDogVklTQSAqKioqOTAxMjsgYmlsbGluZyB6aXA6IDQ1\nOTI2\n','\n',char(10)));
INSERT INTO orders VALUES(274,66,95,'2019-04-28',37.150000000000005684,replace('b3JkZXI6IDI3NDsgYW1vdW50X3BhaWQ6IDM3LjE1MDAwMDAwMDAwMDAwNjsg\ncmVjZWl2ZWQ6IDIwMTktMDQtMjg7IGNhcmQ6IFZJU0EgKioqKjkwMTI7IGJp\nbGxpbmcgemlwOiA0NTkyNg==\n','\n',char(10)));
INSERT INTO orders VALUES(275,66,95,'2019-03-24',27.5,replace('b3JkZXI6IDI3NTsgYW1vdW50X3BhaWQ6IDI3LjU7IHJlY2VpdmVkOiAyMDE5\nLTAzLTI0OyBjYXJkOiBWSVNBICoqKio5MDEyOyBiaWxsaW5nIHppcDogNDU5\nMjY=\n','\n',char(10)));
INSERT INTO orders VALUES(276,66,96,'2019-03-31',117.94999999999998863,replace('b3JkZXI6IDI3NjsgYW1vdW50X3BhaWQ6IDExNy45NDk5OTk5OTk5OTk5OTsg\ncmVjZWl2ZWQ6IDIwMTktMDMtMzE7IGNhcmQ6IFZJU0EgKioqKjkwMTI7IGJp\nbGxpbmcgemlwOiA0NTkyNg==\n','\n',char(10)));
INSERT INTO orders VALUES(277,66,95,'2019-04-12',91.049999999999997159,replace('b3JkZXI6IDI3NzsgYW1vdW50X3BhaWQ6IDkxLjA1OyByZWNlaXZlZDogMjAx\nOS0wNC0xMjsgY2FyZDogVklTQSAqKioqOTAxMjsgYmlsbGluZyB6aXA6IDQ1\nOTI2\n','\n',char(10)));
INSERT INTO orders VALUES(278,66,96,'2019-01-23',21.800000000000000709,replace('b3JkZXI6IDI3ODsgYW1vdW50X3BhaWQ6IDIxLjg7IHJlY2VpdmVkOiAyMDE5\nLTAxLTIzOyBjYXJkOiBWSVNBICoqKio5MDEyOyBiaWxsaW5nIHppcDogNDU5\nMjY=\n','\n',char(10)));
INSERT INTO orders VALUES(279,66,96,'2019-01-22',32.950000000000002841,replace('b3JkZXI6IDI3OTsgYW1vdW50X3BhaWQ6IDMyLjk1OyByZWNlaXZlZDogMjAx\nOS0wMS0yMjsgY2FyZDogVklTQSAqKioqOTAxMjsgYmlsbGluZyB6aXA6IDQ1\nOTI2\n','\n',char(10)));
INSERT INTO orders VALUES(280,66,95,'2019-05-24',57.5,replace('b3JkZXI6IDI4MDsgYW1vdW50X3BhaWQ6IDU3LjU7IHJlY2VpdmVkOiAyMDE5\nLTA1LTI0OyBjYXJkOiBWSVNBICoqKio5MDEyOyBiaWxsaW5nIHppcDogNDU5\nMjY=\n','\n',char(10)));
INSERT INTO orders VALUES(281,66,96,'2019-03-04',81.999999999999999998,replace('b3JkZXI6IDI4MTsgYW1vdW50X3BhaWQ6IDgyLjA7IHJlY2VpdmVkOiAyMDE5\nLTAzLTA0OyBjYXJkOiBWSVNBICoqKio5MDEyOyBiaWxsaW5nIHppcDogNDU5\nMjY=\n','\n',char(10)));
INSERT INTO orders VALUES(282,67,97,'2019-05-01',20.949999999999999289,replace('b3JkZXI6IDI4MjsgYW1vdW50X3BhaWQ6IDIwLjk1OyByZWNlaXZlZDogMjAx\nOS0wNS0wMTsgY2FyZDogVklTQSAqKioqOTAxMjsgYmlsbGluZyB6aXA6IDIz\nMTY5\n','\n',char(10)));
INSERT INTO orders VALUES(283,67,97,'2019-03-21',120.79999999999999715,replace('b3JkZXI6IDI4MzsgYW1vdW50X3BhaWQ6IDEyMC44OyByZWNlaXZlZDogMjAx\nOS0wMy0yMTsgY2FyZDogVklTQSAqKioqOTAxMjsgYmlsbGluZyB6aXA6IDIz\nMTY5\n','\n',char(10)));
INSERT INTO orders VALUES(284,67,97,'2019-05-23',21.649999999999998579,replace('b3JkZXI6IDI4NDsgYW1vdW50X3BhaWQ6IDIxLjY1OyByZWNlaXZlZDogMjAx\nOS0wNS0yMzsgY2FyZDogVklTQSAqKioqOTAxMjsgYmlsbGluZyB6aXA6IDIz\nMTY5\n','\n',char(10)));
INSERT INTO orders VALUES(285,67,97,'2019-05-29',47.549999999999997156,replace('b3JkZXI6IDI4NTsgYW1vdW50X3BhaWQ6IDQ3LjU1OyByZWNlaXZlZDogMjAx\nOS0wNS0yOTsgY2FyZDogVklTQSAqKioqOTAxMjsgYmlsbGluZyB6aXA6IDIz\nMTY5\n','\n',char(10)));
INSERT INTO orders VALUES(286,67,97,'2019-03-27',15.449999999999999289,replace('b3JkZXI6IDI4NjsgYW1vdW50X3BhaWQ6IDE1LjQ1OyByZWNlaXZlZDogMjAx\nOS0wMy0yNzsgY2FyZDogVklTQSAqKioqOTAxMjsgYmlsbGluZyB6aXA6IDIz\nMTY5\n','\n',char(10)));
INSERT INTO orders VALUES(287,67,97,'2019-04-22',81.599999999999994317,replace('b3JkZXI6IDI4NzsgYW1vdW50X3BhaWQ6IDgxLjY7IHJlY2VpdmVkOiAyMDE5\nLTA0LTIyOyBjYXJkOiBWSVNBICoqKio5MDEyOyBiaWxsaW5nIHppcDogMjMx\nNjk=\n','\n',char(10)));
INSERT INTO orders VALUES(288,67,97,'2019-05-13',34.700000000000002843,replace('b3JkZXI6IDI4ODsgYW1vdW50X3BhaWQ6IDM0Ljc7IHJlY2VpdmVkOiAyMDE5\nLTA1LTEzOyBjYXJkOiBWSVNBICoqKio5MDEyOyBiaWxsaW5nIHppcDogMjMx\nNjk=\n','\n',char(10)));
INSERT INTO orders VALUES(289,68,99,'2019-04-15',65.999999999999999999,replace('b3JkZXI6IDI4OTsgYW1vdW50X3BhaWQ6IDY2LjA7IHJlY2VpdmVkOiAyMDE5\nLTA0LTE1OyBjYXJkOiBWSVNBICoqKio5MDEyOyBiaWxsaW5nIHppcDogNTQw\nNDY=\n','\n',char(10)));
INSERT INTO orders VALUES(290,69,100,'2019-05-23',46.5,replace('b3JkZXI6IDI5MDsgYW1vdW50X3BhaWQ6IDQ2LjU7IHJlY2VpdmVkOiAyMDE5\nLTA1LTIzOyBjYXJkOiBWSVNBICoqKio5MDEyOyBiaWxsaW5nIHppcDogMTE0\nODk=\n','\n',char(10)));
INSERT INTO orders VALUES(291,69,100,'2019-03-24',37.999999999999999999,replace('b3JkZXI6IDI5MTsgYW1vdW50X3BhaWQ6IDM4LjA7IHJlY2VpdmVkOiAyMDE5\nLTAzLTI0OyBjYXJkOiBWSVNBICoqKio5MDEyOyBiaWxsaW5nIHppcDogMTE0\nODk=\n','\n',char(10)));
INSERT INTO orders VALUES(292,69,100,'2019-04-25',58.600000000000001419,replace('b3JkZXI6IDI5MjsgYW1vdW50X3BhaWQ6IDU4LjY7IHJlY2VpdmVkOiAyMDE5\nLTA0LTI1OyBjYXJkOiBWSVNBICoqKio5MDEyOyBiaWxsaW5nIHppcDogMTE0\nODk=\n','\n',char(10)));
INSERT INTO orders VALUES(293,69,100,'2019-05-30',80.099999999999994312,replace('b3JkZXI6IDI5MzsgYW1vdW50X3BhaWQ6IDgwLjE7IHJlY2VpdmVkOiAyMDE5\nLTA1LTMwOyBjYXJkOiBWSVNBICoqKio5MDEyOyBiaWxsaW5nIHppcDogMTE0\nODk=\n','\n',char(10)));
INSERT INTO orders VALUES(294,69,100,'2019-03-19',6.9500000000000001776,replace('b3JkZXI6IDI5NDsgYW1vdW50X3BhaWQ6IDYuOTU7IHJlY2VpdmVkOiAyMDE5\nLTAzLTE5OyBjYXJkOiBWSVNBICoqKio5MDEyOyBiaWxsaW5nIHppcDogMTE0\nODk=\n','\n',char(10)));
INSERT INTO orders VALUES(295,69,100,'2019-05-11',40.25,replace('b3JkZXI6IDI5NTsgYW1vdW50X3BhaWQ6IDQwLjI1OyByZWNlaXZlZDogMjAx\nOS0wNS0xMTsgY2FyZDogVklTQSAqKioqOTAxMjsgYmlsbGluZyB6aXA6IDEx\nNDg5\n','\n',char(10)));
INSERT INTO orders VALUES(296,69,100,'2019-04-06',65.049999999999997156,replace('b3JkZXI6IDI5NjsgYW1vdW50X3BhaWQ6IDY1LjA1OyByZWNlaXZlZDogMjAx\nOS0wNC0wNjsgY2FyZDogVklTQSAqKioqOTAxMjsgYmlsbGluZyB6aXA6IDEx\nNDg5\n','\n',char(10)));
INSERT INTO orders VALUES(297,69,100,'2019-02-10',16.850000000000001421,replace('b3JkZXI6IDI5NzsgYW1vdW50X3BhaWQ6IDE2Ljg1OyByZWNlaXZlZDogMjAx\nOS0wMi0xMDsgY2FyZDogVklTQSAqKioqOTAxMjsgYmlsbGluZyB6aXA6IDEx\nNDg5\n','\n',char(10)));
INSERT INTO orders VALUES(298,69,100,'2019-05-21',19.0,replace('b3JkZXI6IDI5ODsgYW1vdW50X3BhaWQ6IDE5LjA7IHJlY2VpdmVkOiAyMDE5\nLTA1LTIxOyBjYXJkOiBWSVNBICoqKio5MDEyOyBiaWxsaW5nIHppcDogMTE0\nODk=\n','\n',char(10)));
INSERT INTO orders VALUES(299,69,100,'2019-04-08',46.600000000000001421,replace('b3JkZXI6IDI5OTsgYW1vdW50X3BhaWQ6IDQ2LjY7IHJlY2VpdmVkOiAyMDE5\nLTA0LTA4OyBjYXJkOiBWSVNBICoqKio5MDEyOyBiaWxsaW5nIHppcDogMTE0\nODk=\n','\n',char(10)));
INSERT INTO orders VALUES(300,70,101,'2019-05-14',10.499999999999999999,replace('b3JkZXI6IDMwMDsgYW1vdW50X3BhaWQ6IDEwLjU7IHJlY2VpdmVkOiAyMDE5\nLTA1LTE0OyBjYXJkOiBWSVNBICoqKio5MDEyOyBiaWxsaW5nIHppcDogNDY1\nNzY=\n','\n',char(10)));
INSERT INTO orders VALUES(301,71,102,'2019-01-11',53.699999999999995735,replace('b3JkZXI6IDMwMTsgYW1vdW50X3BhaWQ6IDUzLjY5OTk5OTk5OTk5OTk5Njsg\ncmVjZWl2ZWQ6IDIwMTktMDEtMTE7IGNhcmQ6IFZJU0EgKioqKjkwMTI7IGJp\nbGxpbmcgemlwOiA1NzI1OA==\n','\n',char(10)));
INSERT INTO orders VALUES(302,71,103,'2019-01-22',44.499999999999999998,replace('b3JkZXI6IDMwMjsgYW1vdW50X3BhaWQ6IDQ0LjU7IHJlY2VpdmVkOiAyMDE5\nLTAxLTIyOyBjYXJkOiBWSVNBICoqKio5MDEyOyBiaWxsaW5nIHppcDogNTcy\nNTg=\n','\n',char(10)));
INSERT INTO orders VALUES(303,71,102,'2019-04-12',56.549999999999997156,replace('b3JkZXI6IDMwMzsgYW1vdW50X3BhaWQ6IDU2LjU1OyByZWNlaXZlZDogMjAx\nOS0wNC0xMjsgY2FyZDogVklTQSAqKioqOTAxMjsgYmlsbGluZyB6aXA6IDU3\nMjU4\n','\n',char(10)));
INSERT INTO orders VALUES(304,71,103,'2019-02-04',35.950000000000002843,replace('b3JkZXI6IDMwNDsgYW1vdW50X3BhaWQ6IDM1Ljk1OyByZWNlaXZlZDogMjAx\nOS0wMi0wNDsgY2FyZDogVklTQSAqKioqOTAxMjsgYmlsbGluZyB6aXA6IDU3\nMjU4\n','\n',char(10)));
INSERT INTO orders VALUES(305,71,103,'2019-02-14',25.349999999999997869,replace('b3JkZXI6IDMwNTsgYW1vdW50X3BhaWQ6IDI1LjM0OTk5OTk5OTk5OTk5ODsg\ncmVjZWl2ZWQ6IDIwMTktMDItMTQ7IGNhcmQ6IFZJU0EgKioqKjkwMTI7IGJp\nbGxpbmcgemlwOiA1NzI1OA==\n','\n',char(10)));
INSERT INTO orders VALUES(306,71,102,'2019-02-11',21.800000000000000709,replace('b3JkZXI6IDMwNjsgYW1vdW50X3BhaWQ6IDIxLjg7IHJlY2VpdmVkOiAyMDE5\nLTAyLTExOyBjYXJkOiBWSVNBICoqKio5MDEyOyBiaWxsaW5nIHppcDogNTcy\nNTg=\n','\n',char(10)));
INSERT INTO orders VALUES(307,71,103,'2019-01-14',45.350000000000001421,replace('b3JkZXI6IDMwNzsgYW1vdW50X3BhaWQ6IDQ1LjM1OyByZWNlaXZlZDogMjAx\nOS0wMS0xNDsgY2FyZDogVklTQSAqKioqOTAxMjsgYmlsbGluZyB6aXA6IDU3\nMjU4\n','\n',char(10)));
INSERT INTO orders VALUES(308,72,104,'2019-02-23',12.900000000000000355,replace('b3JkZXI6IDMwODsgYW1vdW50X3BhaWQ6IDEyLjk7IHJlY2VpdmVkOiAyMDE5\nLTAyLTIzOyBjYXJkOiBWSVNBICoqKio5MDEyOyBiaWxsaW5nIHppcDogMjI2\nOTA=\n','\n',char(10)));
INSERT INTO orders VALUES(309,72,105,'2019-02-21',35.999999999999999999,replace('b3JkZXI6IDMwOTsgYW1vdW50X3BhaWQ6IDM2LjA7IHJlY2VpdmVkOiAyMDE5\nLTAyLTIxOyBjYXJkOiBWSVNBICoqKio5MDEyOyBiaWxsaW5nIHppcDogMjI2\nOTA=\n','\n',char(10)));
INSERT INTO orders VALUES(310,72,105,'2019-02-25',102.25,replace('b3JkZXI6IDMxMDsgYW1vdW50X3BhaWQ6IDEwMi4yNTsgcmVjZWl2ZWQ6IDIw\nMTktMDItMjU7IGNhcmQ6IFZJU0EgKioqKjkwMTI7IGJpbGxpbmcgemlwOiAy\nMjY5MA==\n','\n',char(10)));
INSERT INTO orders VALUES(311,72,105,'2019-01-07',33.950000000000002842,replace('b3JkZXI6IDMxMTsgYW1vdW50X3BhaWQ6IDMzLjk1OyByZWNlaXZlZDogMjAx\nOS0wMS0wNzsgY2FyZDogVklTQSAqKioqOTAxMjsgYmlsbGluZyB6aXA6IDIy\nNjkw\n','\n',char(10)));
INSERT INTO orders VALUES(312,73,107,'2019-05-08',92.90000000000000568,replace('b3JkZXI6IDMxMjsgYW1vdW50X3BhaWQ6IDkyLjk7IHJlY2VpdmVkOiAyMDE5\nLTA1LTA4OyBjYXJkOiBWSVNBICoqKio5MDEyOyBiaWxsaW5nIHppcDogMjQy\nMTM=\n','\n',char(10)));
INSERT INTO orders VALUES(313,73,107,'2019-01-06',21.800000000000000709,replace('b3JkZXI6IDMxMzsgYW1vdW50X3BhaWQ6IDIxLjg7IHJlY2VpdmVkOiAyMDE5\nLTAxLTA2OyBjYXJkOiBWSVNBICoqKio5MDEyOyBiaWxsaW5nIHppcDogMjQy\nMTM=\n','\n',char(10)));
INSERT INTO orders VALUES(314,73,107,'2019-04-19',20.999999999999999999,replace('b3JkZXI6IDMxNDsgYW1vdW50X3BhaWQ6IDIxLjA7IHJlY2VpdmVkOiAyMDE5\nLTA0LTE5OyBjYXJkOiBWSVNBICoqKio5MDEyOyBiaWxsaW5nIHppcDogMjQy\nMTM=\n','\n',char(10)));
INSERT INTO orders VALUES(315,73,106,'2019-01-18',83.400000000000005682,replace('b3JkZXI6IDMxNTsgYW1vdW50X3BhaWQ6IDgzLjQ7IHJlY2VpdmVkOiAyMDE5\nLTAxLTE4OyBjYXJkOiBWSVNBICoqKio5MDEyOyBiaWxsaW5nIHppcDogMjQy\nMTM=\n','\n',char(10)));
INSERT INTO orders VALUES(316,73,106,'2019-05-06',31.5,replace('b3JkZXI6IDMxNjsgYW1vdW50X3BhaWQ6IDMxLjU7IHJlY2VpdmVkOiAyMDE5\nLTA1LTA2OyBjYXJkOiBWSVNBICoqKio5MDEyOyBiaWxsaW5nIHppcDogMjQy\nMTM=\n','\n',char(10)));
INSERT INTO orders VALUES(317,73,106,'2019-03-18',52.049999999999997158,replace('b3JkZXI6IDMxNzsgYW1vdW50X3BhaWQ6IDUyLjA1OyByZWNlaXZlZDogMjAx\nOS0wMy0xODsgY2FyZDogVklTQSAqKioqOTAxMjsgYmlsbGluZyB6aXA6IDI0\nMjEz\n','\n',char(10)));
INSERT INTO orders VALUES(318,73,106,'2019-01-12',22.350000000000001421,replace('b3JkZXI6IDMxODsgYW1vdW50X3BhaWQ6IDIyLjM1OyByZWNlaXZlZDogMjAx\nOS0wMS0xMjsgY2FyZDogVklTQSAqKioqOTAxMjsgYmlsbGluZyB6aXA6IDI0\nMjEz\n','\n',char(10)));
INSERT INTO orders VALUES(319,74,108,'2019-05-25',18.5,replace('b3JkZXI6IDMxOTsgYW1vdW50X3BhaWQ6IDE4LjU7IHJlY2VpdmVkOiAyMDE5\nLTA1LTI1OyBjYXJkOiBWSVNBICoqKio5MDEyOyBiaWxsaW5nIHppcDogODQ4\nOTc=\n','\n',char(10)));
INSERT INTO orders VALUES(320,74,108,'2019-05-22',57.350000000000001419,replace('b3JkZXI6IDMyMDsgYW1vdW50X3BhaWQ6IDU3LjM1OyByZWNlaXZlZDogMjAx\nOS0wNS0yMjsgY2FyZDogVklTQSAqKioqOTAxMjsgYmlsbGluZyB6aXA6IDg0\nODk3\n','\n',char(10)));
INSERT INTO orders VALUES(321,74,108,'2019-01-31',36.850000000000001421,replace('b3JkZXI6IDMyMTsgYW1vdW50X3BhaWQ6IDM2Ljg1OyByZWNlaXZlZDogMjAx\nOS0wMS0zMTsgY2FyZDogVklTQSAqKioqOTAxMjsgYmlsbGluZyB6aXA6IDg0\nODk3\n','\n',char(10)));
INSERT INTO orders VALUES(322,74,108,'2019-04-29',56.549999999999997156,replace('b3JkZXI6IDMyMjsgYW1vdW50X3BhaWQ6IDU2LjU1OyByZWNlaXZlZDogMjAx\nOS0wNC0yOTsgY2FyZDogVklTQSAqKioqOTAxMjsgYmlsbGluZyB6aXA6IDg0\nODk3\n','\n',char(10)));
INSERT INTO orders VALUES(323,75,109,'2019-03-29',58.000000000000000001,replace('b3JkZXI6IDMyMzsgYW1vdW50X3BhaWQ6IDU4LjA7IHJlY2VpdmVkOiAyMDE5\nLTAzLTI5OyBjYXJkOiBWSVNBICoqKio5MDEyOyBiaWxsaW5nIHppcDogMjU4\nNzA=\n','\n',char(10)));
INSERT INTO orders VALUES(324,75,109,'2019-03-20',60.799999999999997158,replace('b3JkZXI6IDMyNDsgYW1vdW50X3BhaWQ6IDYwLjg7IHJlY2VpdmVkOiAyMDE5\nLTAzLTIwOyBjYXJkOiBWSVNBICoqKio5MDEyOyBiaWxsaW5nIHppcDogMjU4\nNzA=\n','\n',char(10)));
INSERT INTO orders VALUES(325,75,109,'2019-01-28',72.150000000000005682,replace('b3JkZXI6IDMyNTsgYW1vdW50X3BhaWQ6IDcyLjE1OyByZWNlaXZlZDogMjAx\nOS0wMS0yODsgY2FyZDogVklTQSAqKioqOTAxMjsgYmlsbGluZyB6aXA6IDI1\nODcw\n','\n',char(10)));
INSERT INTO orders VALUES(326,75,109,'2019-05-02',28.30000000000000071,replace('b3JkZXI6IDMyNjsgYW1vdW50X3BhaWQ6IDI4LjM7IHJlY2VpdmVkOiAyMDE5\nLTA1LTAyOyBjYXJkOiBWSVNBICoqKio5MDEyOyBiaWxsaW5nIHppcDogMjU4\nNzA=\n','\n',char(10)));
INSERT INTO orders VALUES(327,75,109,'2019-03-10',58.249999999999999998,replace('b3JkZXI6IDMyNzsgYW1vdW50X3BhaWQ6IDU4LjI1OyByZWNlaXZlZDogMjAx\nOS0wMy0xMDsgY2FyZDogVklTQSAqKioqOTAxMjsgYmlsbGluZyB6aXA6IDI1\nODcw\n','\n',char(10)));
INSERT INTO orders VALUES(328,75,109,'2019-01-10',65.0,replace('b3JkZXI6IDMyODsgYW1vdW50X3BhaWQ6IDY1LjA7IHJlY2VpdmVkOiAyMDE5\nLTAxLTEwOyBjYXJkOiBWSVNBICoqKio5MDEyOyBiaWxsaW5nIHppcDogMjU4\nNzA=\n','\n',char(10)));
INSERT INTO orders VALUES(329,76,111,'2019-03-29',73.849999999999994316,replace('b3JkZXI6IDMyOTsgYW1vdW50X3BhaWQ6IDczLjg1OyByZWNlaXZlZDogMjAx\nOS0wMy0yOTsgY2FyZDogVklTQSAqKioqOTAxMjsgYmlsbGluZyB6aXA6IDU4\nMDc0\n','\n',char(10)));
INSERT INTO orders VALUES(330,76,111,'2019-01-25',49.799999999999997159,replace('b3JkZXI6IDMzMDsgYW1vdW50X3BhaWQ6IDQ5Ljg7IHJlY2VpdmVkOiAyMDE5\nLTAxLTI1OyBjYXJkOiBWSVNBICoqKio5MDEyOyBiaWxsaW5nIHppcDogNTgw\nNzQ=\n','\n',char(10)));
INSERT INTO orders VALUES(331,77,114,'2019-03-31',80.0,replace('b3JkZXI6IDMzMTsgYW1vdW50X3BhaWQ6IDgwLjA7IHJlY2VpdmVkOiAyMDE5\nLTAzLTMxOyBjYXJkOiBWSVNBICoqKio5MDEyOyBiaWxsaW5nIHppcDogMjMw\nMzA=\n','\n',char(10)));
INSERT INTO orders VALUES(332,77,114,'2019-03-18',87.150000000000005682,replace('b3JkZXI6IDMzMjsgYW1vdW50X3BhaWQ6IDg3LjE1OyByZWNlaXZlZDogMjAx\nOS0wMy0xODsgY2FyZDogVklTQSAqKioqOTAxMjsgYmlsbGluZyB6aXA6IDIz\nMDMw\n','\n',char(10)));
INSERT INTO orders VALUES(333,77,112,'2019-02-16',65.0,replace('b3JkZXI6IDMzMzsgYW1vdW50X3BhaWQ6IDY1LjA7IHJlY2VpdmVkOiAyMDE5\nLTAyLTE2OyBjYXJkOiBWSVNBICoqKio5MDEyOyBiaWxsaW5nIHppcDogMjMw\nMzA=\n','\n',char(10)));
INSERT INTO orders VALUES(334,78,115,'2019-04-15',52.350000000000001419,replace('b3JkZXI6IDMzNDsgYW1vdW50X3BhaWQ6IDUyLjM1OyByZWNlaXZlZDogMjAx\nOS0wNC0xNTsgY2FyZDogVklTQSAqKioqOTAxMjsgYmlsbGluZyB6aXA6IDEw\nNjE5\n','\n',char(10)));
INSERT INTO orders VALUES(335,79,117,'2019-02-13',27.5,replace('b3JkZXI6IDMzNTsgYW1vdW50X3BhaWQ6IDI3LjU7IHJlY2VpdmVkOiAyMDE5\nLTAyLTEzOyBjYXJkOiBWSVNBICoqKio5MDEyOyBiaWxsaW5nIHppcDogNDU4\nNTE=\n','\n',char(10)));
INSERT INTO orders VALUES(336,79,116,'2019-02-15',12.999999999999999999,replace('b3JkZXI6IDMzNjsgYW1vdW50X3BhaWQ6IDEzLjA7IHJlY2VpdmVkOiAyMDE5\nLTAyLTE1OyBjYXJkOiBWSVNBICoqKio5MDEyOyBiaWxsaW5nIHppcDogNDU4\nNTE=\n','\n',char(10)));
INSERT INTO orders VALUES(337,79,117,'2019-05-19',12.999999999999999999,replace('b3JkZXI6IDMzNzsgYW1vdW50X3BhaWQ6IDEzLjA7IHJlY2VpdmVkOiAyMDE5\nLTA1LTE5OyBjYXJkOiBWSVNBICoqKio5MDEyOyBiaWxsaW5nIHppcDogNDU4\nNTE=\n','\n',char(10)));
INSERT INTO orders VALUES(338,79,117,'2019-03-12',52.350000000000001419,replace('b3JkZXI6IDMzODsgYW1vdW50X3BhaWQ6IDUyLjM1OyByZWNlaXZlZDogMjAx\nOS0wMy0xMjsgY2FyZDogVklTQSAqKioqOTAxMjsgYmlsbGluZyB6aXA6IDQ1\nODUx\n','\n',char(10)));
INSERT INTO orders VALUES(339,79,116,'2019-04-20',99.199999999999988629,replace('b3JkZXI6IDMzOTsgYW1vdW50X3BhaWQ6IDk5LjE5OTk5OTk5OTk5OTk5OyBy\nZWNlaXZlZDogMjAxOS0wNC0yMDsgY2FyZDogVklTQSAqKioqOTAxMjsgYmls\nbGluZyB6aXA6IDQ1ODUx\n','\n',char(10)));
INSERT INTO orders VALUES(340,80,119,'2019-01-29',40.050000000000004264,replace('b3JkZXI6IDM0MDsgYW1vdW50X3BhaWQ6IDQwLjA1MDAwMDAwMDAwMDAwNDsg\ncmVjZWl2ZWQ6IDIwMTktMDEtMjk7IGNhcmQ6IFZJU0EgKioqKjkwMTI7IGJp\nbGxpbmcgemlwOiA0MDgzNw==\n','\n',char(10)));
INSERT INTO orders VALUES(341,80,119,'2019-05-03',10.499999999999999999,replace('b3JkZXI6IDM0MTsgYW1vdW50X3BhaWQ6IDEwLjU7IHJlY2VpdmVkOiAyMDE5\nLTA1LTAzOyBjYXJkOiBWSVNBICoqKio5MDEyOyBiaWxsaW5nIHppcDogNDA4\nMzc=\n','\n',char(10)));
INSERT INTO orders VALUES(342,81,122,'2019-02-13',70.749999999999999998,replace('b3JkZXI6IDM0MjsgYW1vdW50X3BhaWQ6IDcwLjc1OyByZWNlaXZlZDogMjAx\nOS0wMi0xMzsgY2FyZDogVklTQSAqKioqOTAxMjsgYmlsbGluZyB6aXA6IDI1\nMzQz\n','\n',char(10)));
INSERT INTO orders VALUES(343,81,121,'2019-04-23',21.800000000000000709,replace('b3JkZXI6IDM0MzsgYW1vdW50X3BhaWQ6IDIxLjg7IHJlY2VpdmVkOiAyMDE5\nLTA0LTIzOyBjYXJkOiBWSVNBICoqKio5MDEyOyBiaWxsaW5nIHppcDogMjUz\nNDM=\n','\n',char(10)));
INSERT INTO orders VALUES(344,81,120,'2019-04-01',101.40000000000000568,replace('b3JkZXI6IDM0NDsgYW1vdW50X3BhaWQ6IDEwMS40OyByZWNlaXZlZDogMjAx\nOS0wNC0wMTsgY2FyZDogVklTQSAqKioqOTAxMjsgYmlsbGluZyB6aXA6IDI1\nMzQz\n','\n',char(10)));
INSERT INTO orders VALUES(345,81,121,'2019-01-03',30.899999999999998578,replace('b3JkZXI6IDM0NTsgYW1vdW50X3BhaWQ6IDMwLjk7IHJlY2VpdmVkOiAyMDE5\nLTAxLTAzOyBjYXJkOiBWSVNBICoqKio5MDEyOyBiaWxsaW5nIHppcDogMjUz\nNDM=\n','\n',char(10)));
INSERT INTO orders VALUES(346,82,123,'2019-01-23',6.9500000000000001776,replace('b3JkZXI6IDM0NjsgYW1vdW50X3BhaWQ6IDYuOTU7IHJlY2VpdmVkOiAyMDE5\nLTAxLTIzOyBjYXJkOiBWSVNBICoqKio5MDEyOyBiaWxsaW5nIHppcDogMzUz\nNjA=\n','\n',char(10)));
INSERT INTO orders VALUES(347,83,126,'2019-01-17',47.299999999999997159,replace('b3JkZXI6IDM0NzsgYW1vdW50X3BhaWQ6IDQ3LjM7IHJlY2VpdmVkOiAyMDE5\nLTAxLTE3OyBjYXJkOiBWSVNBICoqKio5MDEyOyBiaWxsaW5nIHppcDogMDM0\nMzQ=\n','\n',char(10)));
INSERT INTO orders VALUES(348,83,124,'2019-04-29',32.450000000000002841,replace('b3JkZXI6IDM0ODsgYW1vdW50X3BhaWQ6IDMyLjQ1OyByZWNlaXZlZDogMjAx\nOS0wNC0yOTsgY2FyZDogVklTQSAqKioqOTAxMjsgYmlsbGluZyB6aXA6IDAz\nNDM0\n','\n',char(10)));
INSERT INTO orders VALUES(349,83,125,'2019-05-03',17.399999999999998578,replace('b3JkZXI6IDM0OTsgYW1vdW50X3BhaWQ6IDE3LjQ7IHJlY2VpdmVkOiAyMDE5\nLTA1LTAzOyBjYXJkOiBWSVNBICoqKio5MDEyOyBiaWxsaW5nIHppcDogMDM0\nMzQ=\n','\n',char(10)));
INSERT INTO orders VALUES(350,83,125,'2019-04-01',28.899999999999998578,replace('b3JkZXI6IDM1MDsgYW1vdW50X3BhaWQ6IDI4Ljk7IHJlY2VpdmVkOiAyMDE5\nLTA0LTAxOyBjYXJkOiBWSVNBICoqKio5MDEyOyBiaWxsaW5nIHppcDogMDM0\nMzQ=\n','\n',char(10)));
INSERT INTO orders VALUES(351,83,124,'2019-05-18',104.09999999999999431,replace('b3JkZXI6IDM1MTsgYW1vdW50X3BhaWQ6IDEwNC4xOyByZWNlaXZlZDogMjAx\nOS0wNS0xODsgY2FyZDogVklTQSAqKioqOTAxMjsgYmlsbGluZyB6aXA6IDAz\nNDM0\n','\n',char(10)));
INSERT INTO orders VALUES(352,83,126,'2019-02-14',36.850000000000001421,replace('b3JkZXI6IDM1MjsgYW1vdW50X3BhaWQ6IDM2Ljg1OyByZWNlaXZlZDogMjAx\nOS0wMi0xNDsgY2FyZDogVklTQSAqKioqOTAxMjsgYmlsbGluZyB6aXA6IDAz\nNDM0\n','\n',char(10)));
INSERT INTO orders VALUES(353,83,125,'2019-04-19',43.600000000000001419,replace('b3JkZXI6IDM1MzsgYW1vdW50X3BhaWQ6IDQzLjY7IHJlY2VpdmVkOiAyMDE5\nLTA0LTE5OyBjYXJkOiBWSVNBICoqKio5MDEyOyBiaWxsaW5nIHppcDogMDM0\nMzQ=\n','\n',char(10)));
INSERT INTO orders VALUES(354,83,125,'2019-01-24',54.899999999999998579,replace('b3JkZXI6IDM1NDsgYW1vdW50X3BhaWQ6IDU0Ljk7IHJlY2VpdmVkOiAyMDE5\nLTAxLTI0OyBjYXJkOiBWSVNBICoqKio5MDEyOyBiaWxsaW5nIHppcDogMDM0\nMzQ=\n','\n',char(10)));
INSERT INTO orders VALUES(355,83,125,'2019-05-21',34.350000000000001421,replace('b3JkZXI6IDM1NTsgYW1vdW50X3BhaWQ6IDM0LjM1OyByZWNlaXZlZDogMjAx\nOS0wNS0yMTsgY2FyZDogVklTQSAqKioqOTAxMjsgYmlsbGluZyB6aXA6IDAz\nNDM0\n','\n',char(10)));
INSERT INTO orders VALUES(356,84,128,'2019-01-19',51.800000000000004261,replace('b3JkZXI6IDM1NjsgYW1vdW50X3BhaWQ6IDUxLjgwMDAwMDAwMDAwMDAwNDsg\ncmVjZWl2ZWQ6IDIwMTktMDEtMTk7IGNhcmQ6IFZJU0EgKioqKjkwMTI7IGJp\nbGxpbmcgemlwOiAzMjU1NQ==\n','\n',char(10)));
INSERT INTO orders VALUES(357,84,127,'2019-03-04',62.64999999999999858,replace('b3JkZXI6IDM1NzsgYW1vdW50X3BhaWQ6IDYyLjY1OyByZWNlaXZlZDogMjAx\nOS0wMy0wNDsgY2FyZDogVklTQSAqKioqOTAxMjsgYmlsbGluZyB6aXA6IDMy\nNTU1\n','\n',char(10)));
INSERT INTO orders VALUES(358,84,127,'2019-04-25',30.30000000000000071,replace('b3JkZXI6IDM1ODsgYW1vdW50X3BhaWQ6IDMwLjM7IHJlY2VpdmVkOiAyMDE5\nLTA0LTI1OyBjYXJkOiBWSVNBICoqKio5MDEyOyBiaWxsaW5nIHppcDogMzI1\nNTU=\n','\n',char(10)));
INSERT INTO orders VALUES(359,84,127,'2019-03-18',34.299999999999997157,replace('b3JkZXI6IDM1OTsgYW1vdW50X3BhaWQ6IDM0LjM7IHJlY2VpdmVkOiAyMDE5\nLTAzLTE4OyBjYXJkOiBWSVNBICoqKio5MDEyOyBiaWxsaW5nIHppcDogMzI1\nNTU=\n','\n',char(10)));
INSERT INTO orders VALUES(360,85,129,'2019-01-19',35.999999999999999999,replace('b3JkZXI6IDM2MDsgYW1vdW50X3BhaWQ6IDM2LjA7IHJlY2VpdmVkOiAyMDE5\nLTAxLTE5OyBjYXJkOiBWSVNBICoqKio5MDEyOyBiaWxsaW5nIHppcDogNDUy\nNDM=\n','\n',char(10)));
INSERT INTO orders VALUES(361,85,129,'2019-02-05',62.60000000000000142,replace('b3JkZXI6IDM2MTsgYW1vdW50X3BhaWQ6IDYyLjY7IHJlY2VpdmVkOiAyMDE5\nLTAyLTA1OyBjYXJkOiBWSVNBICoqKio5MDEyOyBiaWxsaW5nIHppcDogNDUy\nNDM=\n','\n',char(10)));
INSERT INTO orders VALUES(362,86,130,'2019-01-28',97.5,replace('b3JkZXI6IDM2MjsgYW1vdW50X3BhaWQ6IDk3LjU7IHJlY2VpdmVkOiAyMDE5\nLTAxLTI4OyBjYXJkOiBWSVNBICoqKio5MDEyOyBiaWxsaW5nIHppcDogMjYx\nMzc=\n','\n',char(10)));
INSERT INTO orders VALUES(363,86,130,'2019-03-20',39.049999999999997156,replace('b3JkZXI6IDM2MzsgYW1vdW50X3BhaWQ6IDM5LjA1OyByZWNlaXZlZDogMjAx\nOS0wMy0yMDsgY2FyZDogVklTQSAqKioqOTAxMjsgYmlsbGluZyB6aXA6IDI2\nMTM3\n','\n',char(10)));
INSERT INTO orders VALUES(364,86,130,'2019-01-11',20.999999999999999999,replace('b3JkZXI6IDM2NDsgYW1vdW50X3BhaWQ6IDIxLjA7IHJlY2VpdmVkOiAyMDE5\nLTAxLTExOyBjYXJkOiBWSVNBICoqKio5MDEyOyBiaWxsaW5nIHppcDogMjYx\nMzc=\n','\n',char(10)));
INSERT INTO orders VALUES(365,86,130,'2019-04-17',110.59999999999999431,replace('b3JkZXI6IDM2NTsgYW1vdW50X3BhaWQ6IDExMC42OyByZWNlaXZlZDogMjAx\nOS0wNC0xNzsgY2FyZDogVklTQSAqKioqOTAxMjsgYmlsbGluZyB6aXA6IDI2\nMTM3\n','\n',char(10)));
INSERT INTO orders VALUES(366,86,130,'2019-01-24',33.85000000000000142,replace('b3JkZXI6IDM2NjsgYW1vdW50X3BhaWQ6IDMzLjg1OyByZWNlaXZlZDogMjAx\nOS0wMS0yNDsgY2FyZDogVklTQSAqKioqOTAxMjsgYmlsbGluZyB6aXA6IDI2\nMTM3\n','\n',char(10)));
INSERT INTO orders VALUES(367,86,130,'2019-05-15',25.80000000000000071,replace('b3JkZXI6IDM2NzsgYW1vdW50X3BhaWQ6IDI1Ljg7IHJlY2VpdmVkOiAyMDE5\nLTA1LTE1OyBjYXJkOiBWSVNBICoqKio5MDEyOyBiaWxsaW5nIHppcDogMjYx\nMzc=\n','\n',char(10)));
INSERT INTO orders VALUES(368,86,130,'2019-05-16',19.0,replace('b3JkZXI6IDM2ODsgYW1vdW50X3BhaWQ6IDE5LjA7IHJlY2VpdmVkOiAyMDE5\nLTA1LTE2OyBjYXJkOiBWSVNBICoqKio5MDEyOyBiaWxsaW5nIHppcDogMjYx\nMzc=\n','\n',char(10)));
INSERT INTO orders VALUES(369,87,132,'2019-04-29',25.350000000000001421,replace('b3JkZXI6IDM2OTsgYW1vdW50X3BhaWQ6IDI1LjM1OyByZWNlaXZlZDogMjAx\nOS0wNC0yOTsgY2FyZDogVklTQSAqKioqOTAxMjsgYmlsbGluZyB6aXA6IDM0\nNDE3\n','\n',char(10)));
INSERT INTO orders VALUES(370,87,131,'2019-02-05',24.949999999999999289,replace('b3JkZXI6IDM3MDsgYW1vdW50X3BhaWQ6IDI0Ljk1OyByZWNlaXZlZDogMjAx\nOS0wMi0wNTsgY2FyZDogVklTQSAqKioqOTAxMjsgYmlsbGluZyB6aXA6IDM0\nNDE3\n','\n',char(10)));
INSERT INTO orders VALUES(371,88,134,'2019-01-05',96.999999999999999998,replace('b3JkZXI6IDM3MTsgYW1vdW50X3BhaWQ6IDk3LjA7IHJlY2VpdmVkOiAyMDE5\nLTAxLTA1OyBjYXJkOiBWSVNBICoqKio5MDEyOyBiaWxsaW5nIHppcDogOTY3\nMjg=\n','\n',char(10)));
INSERT INTO orders VALUES(372,88,134,'2019-03-27',19.850000000000001421,replace('b3JkZXI6IDM3MjsgYW1vdW50X3BhaWQ6IDE5Ljg1OyByZWNlaXZlZDogMjAx\nOS0wMy0yNzsgY2FyZDogVklTQSAqKioqOTAxMjsgYmlsbGluZyB6aXA6IDk2\nNzI4\n','\n',char(10)));
INSERT INTO orders VALUES(373,88,134,'2019-01-08',56.549999999999997156,replace('b3JkZXI6IDM3MzsgYW1vdW50X3BhaWQ6IDU2LjU1OyByZWNlaXZlZDogMjAx\nOS0wMS0wODsgY2FyZDogVklTQSAqKioqOTAxMjsgYmlsbGluZyB6aXA6IDk2\nNzI4\n','\n',char(10)));
INSERT INTO orders VALUES(374,88,134,'2019-03-06',52.350000000000001419,replace('b3JkZXI6IDM3NDsgYW1vdW50X3BhaWQ6IDUyLjM1OyByZWNlaXZlZDogMjAx\nOS0wMy0wNjsgY2FyZDogVklTQSAqKioqOTAxMjsgYmlsbGluZyB6aXA6IDk2\nNzI4\n','\n',char(10)));
INSERT INTO orders VALUES(375,88,133,'2019-05-28',10.949999999999999289,replace('b3JkZXI6IDM3NTsgYW1vdW50X3BhaWQ6IDEwLjk1OyByZWNlaXZlZDogMjAx\nOS0wNS0yODsgY2FyZDogVklTQSAqKioqOTAxMjsgYmlsbGluZyB6aXA6IDk2\nNzI4\n','\n',char(10)));
INSERT INTO orders VALUES(376,88,133,'2019-04-01',54.350000000000001421,replace('b3JkZXI6IDM3NjsgYW1vdW50X3BhaWQ6IDU0LjM1OyByZWNlaXZlZDogMjAx\nOS0wNC0wMTsgY2FyZDogVklTQSAqKioqOTAxMjsgYmlsbGluZyB6aXA6IDk2\nNzI4\n','\n',char(10)));
INSERT INTO orders VALUES(377,88,134,'2019-03-12',78.049999999999997157,replace('b3JkZXI6IDM3NzsgYW1vdW50X3BhaWQ6IDc4LjA1OyByZWNlaXZlZDogMjAx\nOS0wMy0xMjsgY2FyZDogVklTQSAqKioqOTAxMjsgYmlsbGluZyB6aXA6IDk2\nNzI4\n','\n',char(10)));
INSERT INTO orders VALUES(378,89,136,'2019-01-14',6.9500000000000001776,replace('b3JkZXI6IDM3ODsgYW1vdW50X3BhaWQ6IDYuOTU7IHJlY2VpdmVkOiAyMDE5\nLTAxLTE0OyBjYXJkOiBWSVNBICoqKio5MDEyOyBiaWxsaW5nIHppcDogOTgx\nMjY=\n','\n',char(10)));
INSERT INTO orders VALUES(379,89,136,'2019-04-08',55.350000000000001421,replace('b3JkZXI6IDM3OTsgYW1vdW50X3BhaWQ6IDU1LjM1OyByZWNlaXZlZDogMjAx\nOS0wNC0wODsgY2FyZDogVklTQSAqKioqOTAxMjsgYmlsbGluZyB6aXA6IDk4\nMTI2\n','\n',char(10)));
INSERT INTO orders VALUES(380,89,136,'2019-05-07',27.5,replace('b3JkZXI6IDM4MDsgYW1vdW50X3BhaWQ6IDI3LjU7IHJlY2VpdmVkOiAyMDE5\nLTA1LTA3OyBjYXJkOiBWSVNBICoqKio5MDEyOyBiaWxsaW5nIHppcDogOTgx\nMjY=\n','\n',char(10)));
INSERT INTO orders VALUES(381,90,137,'2019-01-07',27.5,replace('b3JkZXI6IDM4MTsgYW1vdW50X3BhaWQ6IDI3LjU7IHJlY2VpdmVkOiAyMDE5\nLTAxLTA3OyBjYXJkOiBWSVNBICoqKio5MDEyOyBiaWxsaW5nIHppcDogNTM5\nNjU=\n','\n',char(10)));
INSERT INTO orders VALUES(382,91,138,'2019-03-31',46.149999999999998579,replace('b3JkZXI6IDM4MjsgYW1vdW50X3BhaWQ6IDQ2LjE1OyByZWNlaXZlZDogMjAx\nOS0wMy0zMTsgY2FyZDogVklTQSAqKioqOTAxMjsgYmlsbGluZyB6aXA6IDky\nMDkw\n','\n',char(10)));
INSERT INTO orders VALUES(383,91,138,'2019-01-10',71.900000000000005686,replace('b3JkZXI6IDM4MzsgYW1vdW50X3BhaWQ6IDcxLjk7IHJlY2VpdmVkOiAyMDE5\nLTAxLTEwOyBjYXJkOiBWSVNBICoqKio5MDEyOyBiaWxsaW5nIHppcDogOTIw\nOTA=\n','\n',char(10)));
INSERT INTO orders VALUES(384,91,138,'2019-01-05',11.900000000000000355,replace('b3JkZXI6IDM4NDsgYW1vdW50X3BhaWQ6IDExLjk7IHJlY2VpdmVkOiAyMDE5\nLTAxLTA1OyBjYXJkOiBWSVNBICoqKio5MDEyOyBiaWxsaW5nIHppcDogOTIw\nOTA=\n','\n',char(10)));
INSERT INTO orders VALUES(385,92,140,'2019-01-30',58.199999999999995738,replace('b3JkZXI6IDM4NTsgYW1vdW50X3BhaWQ6IDU4LjE5OTk5OTk5OTk5OTk5Njsg\ncmVjZWl2ZWQ6IDIwMTktMDEtMzA7IGNhcmQ6IFZJU0EgKioqKjkwMTI7IGJp\nbGxpbmcgemlwOiAyNDQzNQ==\n','\n',char(10)));
INSERT INTO orders VALUES(386,92,140,'2019-02-10',78.299999999999997158,replace('b3JkZXI6IDM4NjsgYW1vdW50X3BhaWQ6IDc4LjM7IHJlY2VpdmVkOiAyMDE5\nLTAyLTEwOyBjYXJkOiBWSVNBICoqKio5MDEyOyBiaWxsaW5nIHppcDogMjQ0\nMzU=\n','\n',char(10)));
INSERT INTO orders VALUES(387,92,140,'2019-04-19',98.349999999999994319,replace('b3JkZXI6IDM4NzsgYW1vdW50X3BhaWQ6IDk4LjM1OyByZWNlaXZlZDogMjAx\nOS0wNC0xOTsgY2FyZDogVklTQSAqKioqOTAxMjsgYmlsbGluZyB6aXA6IDI0\nNDM1\n','\n',char(10)));
INSERT INTO orders VALUES(388,92,140,'2019-04-09',6.9500000000000001776,replace('b3JkZXI6IDM4ODsgYW1vdW50X3BhaWQ6IDYuOTU7IHJlY2VpdmVkOiAyMDE5\nLTA0LTA5OyBjYXJkOiBWSVNBICoqKio5MDEyOyBiaWxsaW5nIHppcDogMjQ0\nMzU=\n','\n',char(10)));
INSERT INTO orders VALUES(389,92,140,'2019-01-06',10.499999999999999999,replace('b3JkZXI6IDM4OTsgYW1vdW50X3BhaWQ6IDEwLjU7IHJlY2VpdmVkOiAyMDE5\nLTAxLTA2OyBjYXJkOiBWSVNBICoqKio5MDEyOyBiaWxsaW5nIHppcDogMjQ0\nMzU=\n','\n',char(10)));
INSERT INTO orders VALUES(390,92,140,'2019-03-09',77.349999999999994315,replace('b3JkZXI6IDM5MDsgYW1vdW50X3BhaWQ6IDc3LjM1OyByZWNlaXZlZDogMjAx\nOS0wMy0wOTsgY2FyZDogVklTQSAqKioqOTAxMjsgYmlsbGluZyB6aXA6IDI0\nNDM1\n','\n',char(10)));
INSERT INTO orders VALUES(391,92,140,'2019-03-01',35.450000000000002841,replace('b3JkZXI6IDM5MTsgYW1vdW50X3BhaWQ6IDM1LjQ1OyByZWNlaXZlZDogMjAx\nOS0wMy0wMTsgY2FyZDogVklTQSAqKioqOTAxMjsgYmlsbGluZyB6aXA6IDI0\nNDM1\n','\n',char(10)));
INSERT INTO orders VALUES(392,93,141,'2019-02-01',91.549999999999997161,replace('b3JkZXI6IDM5MjsgYW1vdW50X3BhaWQ6IDkxLjU1OyByZWNlaXZlZDogMjAx\nOS0wMi0wMTsgY2FyZDogVklTQSAqKioqOTAxMjsgYmlsbGluZyB6aXA6IDM4\nODcw\n','\n',char(10)));
INSERT INTO orders VALUES(393,93,141,'2019-05-07',16.850000000000001421,replace('b3JkZXI6IDM5MzsgYW1vdW50X3BhaWQ6IDE2Ljg1OyByZWNlaXZlZDogMjAx\nOS0wNS0wNzsgY2FyZDogVklTQSAqKioqOTAxMjsgYmlsbGluZyB6aXA6IDM4\nODcw\n','\n',char(10)));
INSERT INTO orders VALUES(394,94,143,'2019-04-15',49.799999999999997159,replace('b3JkZXI6IDM5NDsgYW1vdW50X3BhaWQ6IDQ5Ljg7IHJlY2VpdmVkOiAyMDE5\nLTA0LTE1OyBjYXJkOiBWSVNBICoqKio5MDEyOyBiaWxsaW5nIHppcDogOTM5\nMTY=\n','\n',char(10)));
INSERT INTO orders VALUES(395,94,144,'2019-04-22',36.850000000000001421,replace('b3JkZXI6IDM5NTsgYW1vdW50X3BhaWQ6IDM2Ljg1OyByZWNlaXZlZDogMjAx\nOS0wNC0yMjsgY2FyZDogVklTQSAqKioqOTAxMjsgYmlsbGluZyB6aXA6IDkz\nOTE2\n','\n',char(10)));
INSERT INTO orders VALUES(396,94,143,'2019-05-29',67.249999999999999999,replace('b3JkZXI6IDM5NjsgYW1vdW50X3BhaWQ6IDY3LjI1OyByZWNlaXZlZDogMjAx\nOS0wNS0yOTsgY2FyZDogVklTQSAqKioqOTAxMjsgYmlsbGluZyB6aXA6IDkz\nOTE2\n','\n',char(10)));
INSERT INTO orders VALUES(397,94,143,'2019-05-10',58.499999999999999999,replace('b3JkZXI6IDM5NzsgYW1vdW50X3BhaWQ6IDU4LjU7IHJlY2VpdmVkOiAyMDE5\nLTA1LTEwOyBjYXJkOiBWSVNBICoqKio5MDEyOyBiaWxsaW5nIHppcDogOTM5\nMTY=\n','\n',char(10)));
INSERT INTO orders VALUES(398,94,143,'2019-02-02',28.899999999999998578,replace('b3JkZXI6IDM5ODsgYW1vdW50X3BhaWQ6IDI4Ljk7IHJlY2VpdmVkOiAyMDE5\nLTAyLTAyOyBjYXJkOiBWSVNBICoqKio5MDEyOyBiaWxsaW5nIHppcDogOTM5\nMTY=\n','\n',char(10)));
INSERT INTO orders VALUES(399,95,145,'2019-04-16',40.950000000000002843,replace('b3JkZXI6IDM5OTsgYW1vdW50X3BhaWQ6IDQwLjk1OyByZWNlaXZlZDogMjAx\nOS0wNC0xNjsgY2FyZDogVklTQSAqKioqOTAxMjsgYmlsbGluZyB6aXA6IDg2\nNDc2\n','\n',char(10)));
INSERT INTO orders VALUES(400,95,145,'2019-04-07',35.999999999999999999,replace('b3JkZXI6IDQwMDsgYW1vdW50X3BhaWQ6IDM2LjA7IHJlY2VpdmVkOiAyMDE5\nLTA0LTA3OyBjYXJkOiBWSVNBICoqKio5MDEyOyBiaWxsaW5nIHppcDogODY0\nNzY=\n','\n',char(10)));
INSERT INTO orders VALUES(401,95,146,'2019-01-02',106.90000000000000568,replace('b3JkZXI6IDQwMTsgYW1vdW50X3BhaWQ6IDEwNi45OyByZWNlaXZlZDogMjAx\nOS0wMS0wMjsgY2FyZDogVklTQSAqKioqOTAxMjsgYmlsbGluZyB6aXA6IDg2\nNDc2\n','\n',char(10)));
INSERT INTO orders VALUES(402,95,145,'2019-01-23',91.000000000000000003,replace('b3JkZXI6IDQwMjsgYW1vdW50X3BhaWQ6IDkxLjA7IHJlY2VpdmVkOiAyMDE5\nLTAxLTIzOyBjYXJkOiBWSVNBICoqKio5MDEyOyBiaWxsaW5nIHppcDogODY0\nNzY=\n','\n',char(10)));
INSERT INTO orders VALUES(403,95,146,'2019-02-25',25.80000000000000071,replace('b3JkZXI6IDQwMzsgYW1vdW50X3BhaWQ6IDI1Ljg7IHJlY2VpdmVkOiAyMDE5\nLTAyLTI1OyBjYXJkOiBWSVNBICoqKio5MDEyOyBiaWxsaW5nIHppcDogODY0\nNzY=\n','\n',char(10)));
INSERT INTO orders VALUES(404,95,146,'2019-04-12',45.500000000000000001,replace('b3JkZXI6IDQwNDsgYW1vdW50X3BhaWQ6IDQ1LjU7IHJlY2VpdmVkOiAyMDE5\nLTA0LTEyOyBjYXJkOiBWSVNBICoqKio5MDEyOyBiaWxsaW5nIHppcDogODY0\nNzY=\n','\n',char(10)));
INSERT INTO orders VALUES(405,96,147,'2019-03-24',50.799999999999997158,replace('b3JkZXI6IDQwNTsgYW1vdW50X3BhaWQ6IDUwLjg7IHJlY2VpdmVkOiAyMDE5\nLTAzLTI0OyBjYXJkOiBWSVNBICoqKio5MDEyOyBiaWxsaW5nIHppcDogMzcy\nODI=\n','\n',char(10)));
INSERT INTO orders VALUES(406,97,149,'2019-05-13',62.450000000000002843,replace('b3JkZXI6IDQwNjsgYW1vdW50X3BhaWQ6IDYyLjQ1OyByZWNlaXZlZDogMjAx\nOS0wNS0xMzsgY2FyZDogVklTQSAqKioqOTAxMjsgYmlsbGluZyB6aXA6IDc4\nNTg1\n','\n',char(10)));
INSERT INTO orders VALUES(407,97,149,'2019-05-08',17.999999999999999999,replace('b3JkZXI6IDQwNzsgYW1vdW50X3BhaWQ6IDE4LjA7IHJlY2VpdmVkOiAyMDE5\nLTA1LTA4OyBjYXJkOiBWSVNBICoqKio5MDEyOyBiaWxsaW5nIHppcDogNzg1\nODU=\n','\n',char(10)));
INSERT INTO orders VALUES(408,97,148,'2019-03-02',53.249999999999999998,replace('b3JkZXI6IDQwODsgYW1vdW50X3BhaWQ6IDUzLjI1OyByZWNlaXZlZDogMjAx\nOS0wMy0wMjsgY2FyZDogVklTQSAqKioqOTAxMjsgYmlsbGluZyB6aXA6IDc4\nNTg1\n','\n',char(10)));
INSERT INTO orders VALUES(409,97,148,'2019-05-12',61.39999999999999858,replace('b3JkZXI6IDQwOTsgYW1vdW50X3BhaWQ6IDYxLjQ7IHJlY2VpdmVkOiAyMDE5\nLTA1LTEyOyBjYXJkOiBWSVNBICoqKio5MDEyOyBiaWxsaW5nIHppcDogNzg1\nODU=\n','\n',char(10)));
INSERT INTO orders VALUES(410,97,148,'2019-03-12',19.0,replace('b3JkZXI6IDQxMDsgYW1vdW50X3BhaWQ6IDE5LjA7IHJlY2VpdmVkOiAyMDE5\nLTAzLTEyOyBjYXJkOiBWSVNBICoqKio5MDEyOyBiaWxsaW5nIHppcDogNzg1\nODU=\n','\n',char(10)));
INSERT INTO orders VALUES(411,98,150,'2019-01-21',40.0,replace('b3JkZXI6IDQxMTsgYW1vdW50X3BhaWQ6IDQwLjA7IHJlY2VpdmVkOiAyMDE5\nLTAxLTIxOyBjYXJkOiBWSVNBICoqKio5MDEyOyBiaWxsaW5nIHppcDogODE4\nNDQ=\n','\n',char(10)));
INSERT INTO orders VALUES(412,98,150,'2019-04-01',20.999999999999999999,replace('b3JkZXI6IDQxMjsgYW1vdW50X3BhaWQ6IDIxLjA7IHJlY2VpdmVkOiAyMDE5\nLTA0LTAxOyBjYXJkOiBWSVNBICoqKio5MDEyOyBiaWxsaW5nIHppcDogODE4\nNDQ=\n','\n',char(10)));
INSERT INTO orders VALUES(413,99,151,'2019-04-24',108.20000000000000283,replace('b3JkZXI6IDQxMzsgYW1vdW50X3BhaWQ6IDEwOC4yOyByZWNlaXZlZDogMjAx\nOS0wNC0yNDsgY2FyZDogVklTQSAqKioqOTAxMjsgYmlsbGluZyB6aXA6IDM3\nMTcw\n','\n',char(10)));
INSERT INTO orders VALUES(414,99,151,'2019-04-15',66.299999999999997156,replace('b3JkZXI6IDQxNDsgYW1vdW50X3BhaWQ6IDY2LjM7IHJlY2VpdmVkOiAyMDE5\nLTA0LTE1OyBjYXJkOiBWSVNBICoqKio5MDEyOyBiaWxsaW5nIHppcDogMzcx\nNzA=\n','\n',char(10)));
INSERT INTO orders VALUES(415,99,151,'2019-02-28',31.950000000000002842,replace('b3JkZXI6IDQxNTsgYW1vdW50X3BhaWQ6IDMxLjk1MDAwMDAwMDAwMDAwMzsg\ncmVjZWl2ZWQ6IDIwMTktMDItMjg7IGNhcmQ6IFZJU0EgKioqKjkwMTI7IGJp\nbGxpbmcgemlwOiAzNzE3MA==\n','\n',char(10)));
INSERT INTO orders VALUES(416,99,151,'2019-03-29',40.25,replace('b3JkZXI6IDQxNjsgYW1vdW50X3BhaWQ6IDQwLjI1OyByZWNlaXZlZDogMjAx\nOS0wMy0yOTsgY2FyZDogVklTQSAqKioqOTAxMjsgYmlsbGluZyB6aXA6IDM3\nMTcw\n','\n',char(10)));
INSERT INTO orders VALUES(417,99,151,'2019-03-27',44.950000000000002843,replace('b3JkZXI6IDQxNzsgYW1vdW50X3BhaWQ6IDQ0Ljk1OyByZWNlaXZlZDogMjAx\nOS0wMy0yNzsgY2FyZDogVklTQSAqKioqOTAxMjsgYmlsbGluZyB6aXA6IDM3\nMTcw\n','\n',char(10)));
INSERT INTO orders VALUES(418,99,151,'2019-03-14',24.5,replace('b3JkZXI6IDQxODsgYW1vdW50X3BhaWQ6IDI0LjU7IHJlY2VpdmVkOiAyMDE5\nLTAzLTE0OyBjYXJkOiBWSVNBICoqKio5MDEyOyBiaWxsaW5nIHppcDogMzcx\nNzA=\n','\n',char(10)));
INSERT INTO orders VALUES(419,99,151,'2019-05-06',7.25,replace('b3JkZXI6IDQxOTsgYW1vdW50X3BhaWQ6IDcuMjU7IHJlY2VpdmVkOiAyMDE5\nLTA1LTA2OyBjYXJkOiBWSVNBICoqKio5MDEyOyBiaWxsaW5nIHppcDogMzcx\nNzA=\n','\n',char(10)));
INSERT INTO orders VALUES(420,99,151,'2019-02-13',11.900000000000000355,replace('b3JkZXI6IDQyMDsgYW1vdW50X3BhaWQ6IDExLjk7IHJlY2VpdmVkOiAyMDE5\nLTAyLTEzOyBjYXJkOiBWSVNBICoqKio5MDEyOyBiaWxsaW5nIHppcDogMzcx\nNzA=\n','\n',char(10)));
INSERT INTO orders VALUES(421,99,151,'2019-04-16',45.600000000000001421,replace('b3JkZXI6IDQyMTsgYW1vdW50X3BhaWQ6IDQ1LjY7IHJlY2VpdmVkOiAyMDE5\nLTA0LTE2OyBjYXJkOiBWSVNBICoqKio5MDEyOyBiaWxsaW5nIHppcDogMzcx\nNzA=\n','\n',char(10)));
INSERT INTO orders VALUES(422,100,154,'2019-02-19',20.949999999999999289,replace('b3JkZXI6IDQyMjsgYW1vdW50X3BhaWQ6IDIwLjk1OyByZWNlaXZlZDogMjAx\nOS0wMi0xOTsgY2FyZDogVklTQSAqKioqOTAxMjsgYmlsbGluZyB6aXA6IDU4\nMTA2\n','\n',char(10)));
INSERT INTO orders VALUES(423,100,154,'2019-04-21',70.749999999999999998,replace('b3JkZXI6IDQyMzsgYW1vdW50X3BhaWQ6IDcwLjc1OyByZWNlaXZlZDogMjAx\nOS0wNC0yMTsgY2FyZDogVklTQSAqKioqOTAxMjsgYmlsbGluZyB6aXA6IDU4\nMTA2\n','\n',char(10)));
INSERT INTO orders VALUES(424,101,157,'2019-02-18',42.5,replace('b3JkZXI6IDQyNDsgYW1vdW50X3BhaWQ6IDQyLjU7IHJlY2VpdmVkOiAyMDE5\nLTAyLTE4OyBjYXJkOiBWSVNBICoqKio5MDEyOyBiaWxsaW5nIHppcDogNzE3\nMTQ=\n','\n',char(10)));
INSERT INTO orders VALUES(425,101,157,'2019-05-14',50.0,replace('b3JkZXI6IDQyNTsgYW1vdW50X3BhaWQ6IDUwLjA7IHJlY2VpdmVkOiAyMDE5\nLTA1LTE0OyBjYXJkOiBWSVNBICoqKio5MDEyOyBiaWxsaW5nIHppcDogNzE3\nMTQ=\n','\n',char(10)));
INSERT INTO orders VALUES(426,101,157,'2019-03-13',69.950000000000002843,replace('b3JkZXI6IDQyNjsgYW1vdW50X3BhaWQ6IDY5Ljk1OyByZWNlaXZlZDogMjAx\nOS0wMy0xMzsgY2FyZDogVklTQSAqKioqOTAxMjsgYmlsbGluZyB6aXA6IDcx\nNzE0\n','\n',char(10)));
INSERT INTO orders VALUES(427,101,156,'2019-01-07',44.499999999999999998,replace('b3JkZXI6IDQyNzsgYW1vdW50X3BhaWQ6IDQ0LjU7IHJlY2VpdmVkOiAyMDE5\nLTAxLTA3OyBjYXJkOiBWSVNBICoqKio5MDEyOyBiaWxsaW5nIHppcDogNzE3\nMTQ=\n','\n',char(10)));
INSERT INTO orders VALUES(428,101,156,'2019-05-24',17.0,replace('b3JkZXI6IDQyODsgYW1vdW50X3BhaWQ6IDE3LjA7IHJlY2VpdmVkOiAyMDE5\nLTA1LTI0OyBjYXJkOiBWSVNBICoqKio5MDEyOyBiaWxsaW5nIHppcDogNzE3\nMTQ=\n','\n',char(10)));
INSERT INTO orders VALUES(429,101,157,'2019-01-31',63.100000000000001421,replace('b3JkZXI6IDQyOTsgYW1vdW50X3BhaWQ6IDYzLjE7IHJlY2VpdmVkOiAyMDE5\nLTAxLTMxOyBjYXJkOiBWSVNBICoqKio5MDEyOyBiaWxsaW5nIHppcDogNzE3\nMTQ=\n','\n',char(10)));
INSERT INTO orders VALUES(430,102,158,'2019-02-17',56.549999999999997156,replace('b3JkZXI6IDQzMDsgYW1vdW50X3BhaWQ6IDU2LjU1OyByZWNlaXZlZDogMjAx\nOS0wMi0xNzsgY2FyZDogVklTQSAqKioqOTAxMjsgYmlsbGluZyB6aXA6IDM5\nNTI4\n','\n',char(10)));
INSERT INTO orders VALUES(431,102,158,'2019-04-24',35.85000000000000142,replace('b3JkZXI6IDQzMTsgYW1vdW50X3BhaWQ6IDM1Ljg1OyByZWNlaXZlZDogMjAx\nOS0wNC0yNDsgY2FyZDogVklTQSAqKioqOTAxMjsgYmlsbGluZyB6aXA6IDM5\nNTI4\n','\n',char(10)));
INSERT INTO orders VALUES(432,102,159,'2019-02-11',39.050000000000004263,replace('b3JkZXI6IDQzMjsgYW1vdW50X3BhaWQ6IDM5LjA1MDAwMDAwMDAwMDAwNDsg\ncmVjZWl2ZWQ6IDIwMTktMDItMTE7IGNhcmQ6IFZJU0EgKioqKjkwMTI7IGJp\nbGxpbmcgemlwOiAzOTUyOA==\n','\n',char(10)));
INSERT INTO orders VALUES(433,102,158,'2019-03-30',44.799999999999997159,replace('b3JkZXI6IDQzMzsgYW1vdW50X3BhaWQ6IDQ0Ljg7IHJlY2VpdmVkOiAyMDE5\nLTAzLTMwOyBjYXJkOiBWSVNBICoqKio5MDEyOyBiaWxsaW5nIHppcDogMzk1\nMjg=\n','\n',char(10)));
INSERT INTO orders VALUES(434,102,158,'2019-03-29',35.049999999999997158,replace('b3JkZXI6IDQzNDsgYW1vdW50X3BhaWQ6IDM1LjA1OyByZWNlaXZlZDogMjAx\nOS0wMy0yOTsgY2FyZDogVklTQSAqKioqOTAxMjsgYmlsbGluZyB6aXA6IDM5\nNTI4\n','\n',char(10)));
INSERT INTO orders VALUES(435,102,158,'2019-01-28',58.499999999999999999,replace('b3JkZXI6IDQzNTsgYW1vdW50X3BhaWQ6IDU4LjU7IHJlY2VpdmVkOiAyMDE5\nLTAxLTI4OyBjYXJkOiBWSVNBICoqKio5MDEyOyBiaWxsaW5nIHppcDogMzk1\nMjg=\n','\n',char(10)));
INSERT INTO orders VALUES(436,102,158,'2019-02-08',12.449999999999999289,replace('b3JkZXI6IDQzNjsgYW1vdW50X3BhaWQ6IDEyLjQ1OyByZWNlaXZlZDogMjAx\nOS0wMi0wODsgY2FyZDogVklTQSAqKioqOTAxMjsgYmlsbGluZyB6aXA6IDM5\nNTI4\n','\n',char(10)));
INSERT INTO orders VALUES(437,103,160,'2019-03-07',28.899999999999998578,replace('b3JkZXI6IDQzNzsgYW1vdW50X3BhaWQ6IDI4Ljk7IHJlY2VpdmVkOiAyMDE5\nLTAzLTA3OyBjYXJkOiBWSVNBICoqKio5MDEyOyBiaWxsaW5nIHppcDogMDQy\nOTc=\n','\n',char(10)));
INSERT INTO orders VALUES(438,103,160,'2019-02-11',51.35000000000000142,replace('b3JkZXI6IDQzODsgYW1vdW50X3BhaWQ6IDUxLjM1OyByZWNlaXZlZDogMjAx\nOS0wMi0xMTsgY2FyZDogVklTQSAqKioqOTAxMjsgYmlsbGluZyB6aXA6IDA0\nMjk3\n','\n',char(10)));
INSERT INTO orders VALUES(439,103,160,'2019-03-04',20.999999999999999999,replace('b3JkZXI6IDQzOTsgYW1vdW50X3BhaWQ6IDIxLjA7IHJlY2VpdmVkOiAyMDE5\nLTAzLTA0OyBjYXJkOiBWSVNBICoqKio5MDEyOyBiaWxsaW5nIHppcDogMDQy\nOTc=\n','\n',char(10)));
INSERT INTO orders VALUES(440,103,160,'2019-05-28',31.800000000000000709,replace('b3JkZXI6IDQ0MDsgYW1vdW50X3BhaWQ6IDMxLjg7IHJlY2VpdmVkOiAyMDE5\nLTA1LTI4OyBjYXJkOiBWSVNBICoqKio5MDEyOyBiaWxsaW5nIHppcDogMDQy\nOTc=\n','\n',char(10)));
INSERT INTO orders VALUES(441,103,160,'2019-01-24',62.5,replace('b3JkZXI6IDQ0MTsgYW1vdW50X3BhaWQ6IDYyLjU7IHJlY2VpdmVkOiAyMDE5\nLTAxLTI0OyBjYXJkOiBWSVNBICoqKio5MDEyOyBiaWxsaW5nIHppcDogMDQy\nOTc=\n','\n',char(10)));
INSERT INTO orders VALUES(442,103,160,'2019-02-17',111.40000000000000568,replace('b3JkZXI6IDQ0MjsgYW1vdW50X3BhaWQ6IDExMS40OyByZWNlaXZlZDogMjAx\nOS0wMi0xNzsgY2FyZDogVklTQSAqKioqOTAxMjsgYmlsbGluZyB6aXA6IDA0\nMjk3\n','\n',char(10)));
INSERT INTO orders VALUES(443,103,160,'2019-05-29',39.0,replace('b3JkZXI6IDQ0MzsgYW1vdW50X3BhaWQ6IDM5LjA7IHJlY2VpdmVkOiAyMDE5\nLTA1LTI5OyBjYXJkOiBWSVNBICoqKio5MDEyOyBiaWxsaW5nIHppcDogMDQy\nOTc=\n','\n',char(10)));
INSERT INTO orders VALUES(444,103,160,'2019-03-31',32.299999999999997157,replace('b3JkZXI6IDQ0NDsgYW1vdW50X3BhaWQ6IDMyLjM7IHJlY2VpdmVkOiAyMDE5\nLTAzLTMxOyBjYXJkOiBWSVNBICoqKio5MDEyOyBiaWxsaW5nIHppcDogMDQy\nOTc=\n','\n',char(10)));
INSERT INTO orders VALUES(445,103,160,'2019-02-15',60.549999999999997157,replace('b3JkZXI6IDQ0NTsgYW1vdW50X3BhaWQ6IDYwLjU1OyByZWNlaXZlZDogMjAx\nOS0wMi0xNTsgY2FyZDogVklTQSAqKioqOTAxMjsgYmlsbGluZyB6aXA6IDA0\nMjk3\n','\n',char(10)));
INSERT INTO orders VALUES(446,103,160,'2019-04-25',44.499999999999999998,replace('b3JkZXI6IDQ0NjsgYW1vdW50X3BhaWQ6IDQ0LjU7IHJlY2VpdmVkOiAyMDE5\nLTA0LTI1OyBjYXJkOiBWSVNBICoqKio5MDEyOyBiaWxsaW5nIHppcDogMDQy\nOTc=\n','\n',char(10)));
INSERT INTO orders VALUES(447,104,161,'2019-03-15',22.899999999999998579,replace('b3JkZXI6IDQ0NzsgYW1vdW50X3BhaWQ6IDIyLjk7IHJlY2VpdmVkOiAyMDE5\nLTAzLTE1OyBjYXJkOiBWSVNBICoqKio5MDEyOyBiaWxsaW5nIHppcDogNjkw\nOTU=\n','\n',char(10)));
INSERT INTO orders VALUES(448,104,161,'2019-04-22',21.5,replace('b3JkZXI6IDQ0ODsgYW1vdW50X3BhaWQ6IDIxLjU7IHJlY2VpdmVkOiAyMDE5\nLTA0LTIyOyBjYXJkOiBWSVNBICoqKio5MDEyOyBiaWxsaW5nIHppcDogNjkw\nOTU=\n','\n',char(10)));
INSERT INTO orders VALUES(449,105,162,'2019-01-09',17.949999999999999289,replace('b3JkZXI6IDQ0OTsgYW1vdW50X3BhaWQ6IDE3Ljk1OyByZWNlaXZlZDogMjAx\nOS0wMS0wOTsgY2FyZDogVklTQSAqKioqOTAxMjsgYmlsbGluZyB6aXA6IDM1\nNDcw\n','\n',char(10)));
INSERT INTO orders VALUES(450,105,163,'2019-03-21',24.0,replace('b3JkZXI6IDQ1MDsgYW1vdW50X3BhaWQ6IDI0LjA7IHJlY2VpdmVkOiAyMDE5\nLTAzLTIxOyBjYXJkOiBWSVNBICoqKio5MDEyOyBiaWxsaW5nIHppcDogMzU0\nNzA=\n','\n',char(10)));
INSERT INTO orders VALUES(451,106,164,'2019-03-06',19.850000000000001421,replace('b3JkZXI6IDQ1MTsgYW1vdW50X3BhaWQ6IDE5Ljg1OyByZWNlaXZlZDogMjAx\nOS0wMy0wNjsgY2FyZDogVklTQSAqKioqOTAxMjsgYmlsbGluZyB6aXA6IDY2\nNzg0\n','\n',char(10)));
INSERT INTO orders VALUES(452,106,164,'2019-03-22',113.75,replace('b3JkZXI6IDQ1MjsgYW1vdW50X3BhaWQ6IDExMy43NTsgcmVjZWl2ZWQ6IDIw\nMTktMDMtMjI7IGNhcmQ6IFZJU0EgKioqKjkwMTI7IGJpbGxpbmcgemlwOiA2\nNjc4NA==\n','\n',char(10)));
INSERT INTO orders VALUES(453,106,165,'2019-05-06',24.0,replace('b3JkZXI6IDQ1MzsgYW1vdW50X3BhaWQ6IDI0LjA7IHJlY2VpdmVkOiAyMDE5\nLTA1LTA2OyBjYXJkOiBWSVNBICoqKio5MDEyOyBiaWxsaW5nIHppcDogNjY3\nODQ=\n','\n',char(10)));
INSERT INTO orders VALUES(454,106,164,'2019-03-19',19.850000000000001421,replace('b3JkZXI6IDQ1NDsgYW1vdW50X3BhaWQ6IDE5Ljg1OyByZWNlaXZlZDogMjAx\nOS0wMy0xOTsgY2FyZDogVklTQSAqKioqOTAxMjsgYmlsbGluZyB6aXA6IDY2\nNzg0\n','\n',char(10)));
INSERT INTO orders VALUES(455,106,165,'2019-01-27',42.350000000000001419,replace('b3JkZXI6IDQ1NTsgYW1vdW50X3BhaWQ6IDQyLjM1OyByZWNlaXZlZDogMjAx\nOS0wMS0yNzsgY2FyZDogVklTQSAqKioqOTAxMjsgYmlsbGluZyB6aXA6IDY2\nNzg0\n','\n',char(10)));
INSERT INTO orders VALUES(456,106,164,'2019-02-28',67.200000000000002843,replace('b3JkZXI6IDQ1NjsgYW1vdW50X3BhaWQ6IDY3LjI7IHJlY2VpdmVkOiAyMDE5\nLTAyLTI4OyBjYXJkOiBWSVNBICoqKio5MDEyOyBiaWxsaW5nIHppcDogNjY3\nODQ=\n','\n',char(10)));
INSERT INTO orders VALUES(457,107,167,'2019-04-26',80.0,replace('b3JkZXI6IDQ1NzsgYW1vdW50X3BhaWQ6IDgwLjA7IHJlY2VpdmVkOiAyMDE5\nLTA0LTI2OyBjYXJkOiBWSVNBICoqKio5MDEyOyBiaWxsaW5nIHppcDogMzUw\nMjk=\n','\n',char(10)));
INSERT INTO orders VALUES(458,108,168,'2019-02-14',37.999999999999999999,replace('b3JkZXI6IDQ1ODsgYW1vdW50X3BhaWQ6IDM4LjA7IHJlY2VpdmVkOiAyMDE5\nLTAyLTE0OyBjYXJkOiBWSVNBICoqKio5MDEyOyBiaWxsaW5nIHppcDogNTEz\nNjU=\n','\n',char(10)));
INSERT INTO orders VALUES(459,108,168,'2019-01-28',19.0,replace('b3JkZXI6IDQ1OTsgYW1vdW50X3BhaWQ6IDE5LjA7IHJlY2VpdmVkOiAyMDE5\nLTAxLTI4OyBjYXJkOiBWSVNBICoqKio5MDEyOyBiaWxsaW5nIHppcDogNTEz\nNjU=\n','\n',char(10)));
INSERT INTO orders VALUES(460,108,168,'2019-02-06',22.350000000000001421,replace('b3JkZXI6IDQ2MDsgYW1vdW50X3BhaWQ6IDIyLjM1OyByZWNlaXZlZDogMjAx\nOS0wMi0wNjsgY2FyZDogVklTQSAqKioqOTAxMjsgYmlsbGluZyB6aXA6IDUx\nMzY1\n','\n',char(10)));
INSERT INTO orders VALUES(461,108,168,'2019-01-04',40.950000000000002843,replace('b3JkZXI6IDQ2MTsgYW1vdW50X3BhaWQ6IDQwLjk1OyByZWNlaXZlZDogMjAx\nOS0wMS0wNDsgY2FyZDogVklTQSAqKioqOTAxMjsgYmlsbGluZyB6aXA6IDUx\nMzY1\n','\n',char(10)));
INSERT INTO orders VALUES(462,108,168,'2019-01-21',21.800000000000000709,replace('b3JkZXI6IDQ2MjsgYW1vdW50X3BhaWQ6IDIxLjg7IHJlY2VpdmVkOiAyMDE5\nLTAxLTIxOyBjYXJkOiBWSVNBICoqKio5MDEyOyBiaWxsaW5nIHppcDogNTEz\nNjU=\n','\n',char(10)));
INSERT INTO orders VALUES(463,108,168,'2019-01-22',50.799999999999997158,replace('b3JkZXI6IDQ2MzsgYW1vdW50X3BhaWQ6IDUwLjg7IHJlY2VpdmVkOiAyMDE5\nLTAxLTIyOyBjYXJkOiBWSVNBICoqKio5MDEyOyBiaWxsaW5nIHppcDogNTEz\nNjU=\n','\n',char(10)));
INSERT INTO orders VALUES(464,108,168,'2019-01-14',105.94999999999998863,replace('b3JkZXI6IDQ2NDsgYW1vdW50X3BhaWQ6IDEwNS45NDk5OTk5OTk5OTk5OTsg\ncmVjZWl2ZWQ6IDIwMTktMDEtMTQ7IGNhcmQ6IFZJU0EgKioqKjkwMTI7IGJp\nbGxpbmcgemlwOiA1MTM2NQ==\n','\n',char(10)));
INSERT INTO orders VALUES(465,108,168,'2019-04-02',48.949999999999995736,replace('b3JkZXI6IDQ2NTsgYW1vdW50X3BhaWQ6IDQ4Ljk0OTk5OTk5OTk5OTk5Njsg\ncmVjZWl2ZWQ6IDIwMTktMDQtMDI7IGNhcmQ6IFZJU0EgKioqKjkwMTI7IGJp\nbGxpbmcgemlwOiA1MTM2NQ==\n','\n',char(10)));
INSERT INTO orders VALUES(466,108,168,'2019-01-29',31.299999999999997158,replace('b3JkZXI6IDQ2NjsgYW1vdW50X3BhaWQ6IDMxLjI5OTk5OTk5OTk5OTk5Nzsg\ncmVjZWl2ZWQ6IDIwMTktMDEtMjk7IGNhcmQ6IFZJU0EgKioqKjkwMTI7IGJp\nbGxpbmcgemlwOiA1MTM2NQ==\n','\n',char(10)));
INSERT INTO orders VALUES(467,108,168,'2019-04-09',91.25,replace('b3JkZXI6IDQ2NzsgYW1vdW50X3BhaWQ6IDkxLjI1OyByZWNlaXZlZDogMjAx\nOS0wNC0wOTsgY2FyZDogVklTQSAqKioqOTAxMjsgYmlsbGluZyB6aXA6IDUx\nMzY1\n','\n',char(10)));
INSERT INTO orders VALUES(468,109,170,'2019-04-18',13.900000000000000355,replace('b3JkZXI6IDQ2ODsgYW1vdW50X3BhaWQ6IDEzLjk7IHJlY2VpdmVkOiAyMDE5\nLTA0LTE4OyBjYXJkOiBWSVNBICoqKio5MDEyOyBiaWxsaW5nIHppcDogMjkx\nMzI=\n','\n',char(10)));
INSERT INTO orders VALUES(469,109,170,'2019-02-10',17.399999999999998578,replace('b3JkZXI6IDQ2OTsgYW1vdW50X3BhaWQ6IDE3LjQ7IHJlY2VpdmVkOiAyMDE5\nLTAyLTEwOyBjYXJkOiBWSVNBICoqKio5MDEyOyBiaWxsaW5nIHppcDogMjkx\nMzI=\n','\n',char(10)));
INSERT INTO orders VALUES(470,109,170,'2019-01-06',74.749999999999999999,replace('b3JkZXI6IDQ3MDsgYW1vdW50X3BhaWQ6IDc0Ljc1OyByZWNlaXZlZDogMjAx\nOS0wMS0wNjsgY2FyZDogVklTQSAqKioqOTAxMjsgYmlsbGluZyB6aXA6IDI5\nMTMy\n','\n',char(10)));
INSERT INTO orders VALUES(471,110,172,'2019-01-01',54.650000000000005682,replace('b3JkZXI6IDQ3MTsgYW1vdW50X3BhaWQ6IDU0LjY1MDAwMDAwMDAwMDAwNjsg\ncmVjZWl2ZWQ6IDIwMTktMDEtMDE7IGNhcmQ6IFZJU0EgKioqKjkwMTI7IGJp\nbGxpbmcgemlwOiA0MjAwOA==\n','\n',char(10)));
INSERT INTO orders VALUES(472,110,171,'2019-01-09',49.200000000000002841,replace('b3JkZXI6IDQ3MjsgYW1vdW50X3BhaWQ6IDQ5LjI7IHJlY2VpdmVkOiAyMDE5\nLTAxLTA5OyBjYXJkOiBWSVNBICoqKio5MDEyOyBiaWxsaW5nIHppcDogNDIw\nMDg=\n','\n',char(10)));
INSERT INTO orders VALUES(473,110,172,'2019-04-21',75.550000000000011369,replace('b3JkZXI6IDQ3MzsgYW1vdW50X3BhaWQ6IDc1LjU1MDAwMDAwMDAwMDAxOyBy\nZWNlaXZlZDogMjAxOS0wNC0yMTsgY2FyZDogVklTQSAqKioqOTAxMjsgYmls\nbGluZyB6aXA6IDQyMDA4\n','\n',char(10)));
INSERT INTO orders VALUES(474,110,171,'2019-05-07',42.60000000000000142,replace('b3JkZXI6IDQ3NDsgYW1vdW50X3BhaWQ6IDQyLjY7IHJlY2VpdmVkOiAyMDE5\nLTA1LTA3OyBjYXJkOiBWSVNBICoqKio5MDEyOyBiaWxsaW5nIHppcDogNDIw\nMDg=\n','\n',char(10)));
INSERT INTO orders VALUES(475,111,174,'2019-04-16',21.800000000000000709,replace('b3JkZXI6IDQ3NTsgYW1vdW50X3BhaWQ6IDIxLjg7IHJlY2VpdmVkOiAyMDE5\nLTA0LTE2OyBjYXJkOiBWSVNBICoqKio5MDEyOyBiaWxsaW5nIHppcDogMDkz\nNjc=\n','\n',char(10)));
INSERT INTO orders VALUES(476,111,174,'2019-01-20',105.75,replace('b3JkZXI6IDQ3NjsgYW1vdW50X3BhaWQ6IDEwNS43NTsgcmVjZWl2ZWQ6IDIw\nMTktMDEtMjA7IGNhcmQ6IFZJU0EgKioqKjkwMTI7IGJpbGxpbmcgemlwOiAw\nOTM2Nw==\n','\n',char(10)));
INSERT INTO orders VALUES(477,111,174,'2019-01-03',79.55000000000001137,replace('b3JkZXI6IDQ3NzsgYW1vdW50X3BhaWQ6IDc5LjU1MDAwMDAwMDAwMDAxOyBy\nZWNlaXZlZDogMjAxOS0wMS0wMzsgY2FyZDogVklTQSAqKioqOTAxMjsgYmls\nbGluZyB6aXA6IDA5MzY3\n','\n',char(10)));
INSERT INTO orders VALUES(478,112,175,'2019-05-29',25.75,replace('b3JkZXI6IDQ3ODsgYW1vdW50X3BhaWQ6IDI1Ljc1OyByZWNlaXZlZDogMjAx\nOS0wNS0yOTsgY2FyZDogVklTQSAqKioqOTAxMjsgYmlsbGluZyB6aXA6IDYx\nNzI1\n','\n',char(10)));
INSERT INTO orders VALUES(479,112,175,'2019-01-20',39.0,replace('b3JkZXI6IDQ3OTsgYW1vdW50X3BhaWQ6IDM5LjA7IHJlY2VpdmVkOiAyMDE5\nLTAxLTIwOyBjYXJkOiBWSVNBICoqKio5MDEyOyBiaWxsaW5nIHppcDogNjE3\nMjU=\n','\n',char(10)));
INSERT INTO orders VALUES(480,112,175,'2019-03-12',49.450000000000002842,replace('b3JkZXI6IDQ4MDsgYW1vdW50X3BhaWQ6IDQ5LjQ1OyByZWNlaXZlZDogMjAx\nOS0wMy0xMjsgY2FyZDogVklTQSAqKioqOTAxMjsgYmlsbGluZyB6aXA6IDYx\nNzI1\n','\n',char(10)));
INSERT INTO orders VALUES(481,113,176,'2019-05-12',44.250000000000000001,replace('b3JkZXI6IDQ4MTsgYW1vdW50X3BhaWQ6IDQ0LjI1OyByZWNlaXZlZDogMjAx\nOS0wNS0xMjsgY2FyZDogVklTQSAqKioqOTAxMjsgYmlsbGluZyB6aXA6IDYw\nNDEz\n','\n',char(10)));
INSERT INTO orders VALUES(482,113,176,'2019-02-28',58.75,replace('b3JkZXI6IDQ4MjsgYW1vdW50X3BhaWQ6IDU4Ljc1OyByZWNlaXZlZDogMjAx\nOS0wMi0yODsgY2FyZDogVklTQSAqKioqOTAxMjsgYmlsbGluZyB6aXA6IDYw\nNDEz\n','\n',char(10)));
INSERT INTO orders VALUES(483,113,176,'2019-01-23',61.750000000000000001,replace('b3JkZXI6IDQ4MzsgYW1vdW50X3BhaWQ6IDYxLjc1OyByZWNlaXZlZDogMjAx\nOS0wMS0yMzsgY2FyZDogVklTQSAqKioqOTAxMjsgYmlsbGluZyB6aXA6IDYw\nNDEz\n','\n',char(10)));
INSERT INTO orders VALUES(484,113,176,'2019-05-02',42.60000000000000142,replace('b3JkZXI6IDQ4NDsgYW1vdW50X3BhaWQ6IDQyLjY7IHJlY2VpdmVkOiAyMDE5\nLTA1LTAyOyBjYXJkOiBWSVNBICoqKio5MDEyOyBiaWxsaW5nIHppcDogNjA0\nMTM=\n','\n',char(10)));
INSERT INTO orders VALUES(485,113,176,'2019-02-17',27.75,replace('b3JkZXI6IDQ4NTsgYW1vdW50X3BhaWQ6IDI3Ljc1OyByZWNlaXZlZDogMjAx\nOS0wMi0xNzsgY2FyZDogVklTQSAqKioqOTAxMjsgYmlsbGluZyB6aXA6IDYw\nNDEz\n','\n',char(10)));
INSERT INTO orders VALUES(486,113,176,'2019-05-27',157.09999999999999431,replace('b3JkZXI6IDQ4NjsgYW1vdW50X3BhaWQ6IDE1Ny4xOyByZWNlaXZlZDogMjAx\nOS0wNS0yNzsgY2FyZDogVklTQSAqKioqOTAxMjsgYmlsbGluZyB6aXA6IDYw\nNDEz\n','\n',char(10)));
INSERT INTO orders VALUES(487,114,177,'2019-02-11',48.89999999999999858,replace('b3JkZXI6IDQ4NzsgYW1vdW50X3BhaWQ6IDQ4Ljk7IHJlY2VpdmVkOiAyMDE5\nLTAyLTExOyBjYXJkOiBWSVNBICoqKio5MDEyOyBiaWxsaW5nIHppcDogMTU4\nNzk=\n','\n',char(10)));
INSERT INTO orders VALUES(488,114,177,'2019-02-15',11.900000000000000355,replace('b3JkZXI6IDQ4ODsgYW1vdW50X3BhaWQ6IDExLjk7IHJlY2VpdmVkOiAyMDE5\nLTAyLTE1OyBjYXJkOiBWSVNBICoqKio5MDEyOyBiaWxsaW5nIHppcDogMTU4\nNzk=\n','\n',char(10)));
INSERT INTO orders VALUES(489,114,177,'2019-02-16',51.35000000000000142,replace('b3JkZXI6IDQ4OTsgYW1vdW50X3BhaWQ6IDUxLjM1OyByZWNlaXZlZDogMjAx\nOS0wMi0xNjsgY2FyZDogVklTQSAqKioqOTAxMjsgYmlsbGluZyB6aXA6IDE1\nODc5\n','\n',char(10)));
INSERT INTO orders VALUES(490,115,179,'2019-05-03',24.0,replace('b3JkZXI6IDQ5MDsgYW1vdW50X3BhaWQ6IDI0LjA7IHJlY2VpdmVkOiAyMDE5\nLTA1LTAzOyBjYXJkOiBWSVNBICoqKio5MDEyOyBiaWxsaW5nIHppcDogNDI3\nNTA=\n','\n',char(10)));
INSERT INTO orders VALUES(491,116,181,'2019-05-04',15.449999999999999289,replace('b3JkZXI6IDQ5MTsgYW1vdW50X3BhaWQ6IDE1LjQ1OyByZWNlaXZlZDogMjAx\nOS0wNS0wNDsgY2FyZDogVklTQSAqKioqOTAxMjsgYmlsbGluZyB6aXA6IDg3\nODAy\n','\n',char(10)));
INSERT INTO orders VALUES(492,116,181,'2019-05-11',24.0,replace('b3JkZXI6IDQ5MjsgYW1vdW50X3BhaWQ6IDI0LjA7IHJlY2VpdmVkOiAyMDE5\nLTA1LTExOyBjYXJkOiBWSVNBICoqKio5MDEyOyBiaWxsaW5nIHppcDogODc4\nMDI=\n','\n',char(10)));
INSERT INTO orders VALUES(493,116,181,'2019-04-02',10.499999999999999999,replace('b3JkZXI6IDQ5MzsgYW1vdW50X3BhaWQ6IDEwLjU7IHJlY2VpdmVkOiAyMDE5\nLTA0LTAyOyBjYXJkOiBWSVNBICoqKio5MDEyOyBiaWxsaW5nIHppcDogODc4\nMDI=\n','\n',char(10)));
INSERT INTO orders VALUES(494,116,181,'2019-02-20',129.59999999999999431,replace('b3JkZXI6IDQ5NDsgYW1vdW50X3BhaWQ6IDEyOS42OyByZWNlaXZlZDogMjAx\nOS0wMi0yMDsgY2FyZDogVklTQSAqKioqOTAxMjsgYmlsbGluZyB6aXA6IDg3\nODAy\n','\n',char(10)));
INSERT INTO orders VALUES(495,116,182,'2019-05-22',23.499999999999999999,replace('b3JkZXI6IDQ5NTsgYW1vdW50X3BhaWQ6IDIzLjU7IHJlY2VpdmVkOiAyMDE5\nLTA1LTIyOyBjYXJkOiBWSVNBICoqKio5MDEyOyBiaWxsaW5nIHppcDogODc4\nMDI=\n','\n',char(10)));
INSERT INTO orders VALUES(496,116,182,'2019-01-29',30.85000000000000142,replace('b3JkZXI6IDQ5NjsgYW1vdW50X3BhaWQ6IDMwLjg1OyByZWNlaXZlZDogMjAx\nOS0wMS0yOTsgY2FyZDogVklTQSAqKioqOTAxMjsgYmlsbGluZyB6aXA6IDg3\nODAy\n','\n',char(10)));
INSERT INTO orders VALUES(497,116,181,'2019-03-06',30.899999999999998578,replace('b3JkZXI6IDQ5NzsgYW1vdW50X3BhaWQ6IDMwLjk7IHJlY2VpdmVkOiAyMDE5\nLTAzLTA2OyBjYXJkOiBWSVNBICoqKio5MDEyOyBiaWxsaW5nIHppcDogODc4\nMDI=\n','\n',char(10)));
INSERT INTO orders VALUES(498,116,182,'2019-01-29',65.0,replace('b3JkZXI6IDQ5ODsgYW1vdW50X3BhaWQ6IDY1LjA7IHJlY2VpdmVkOiAyMDE5\nLTAxLTI5OyBjYXJkOiBWSVNBICoqKio5MDEyOyBiaWxsaW5nIHppcDogODc4\nMDI=\n','\n',char(10)));
INSERT INTO orders VALUES(499,116,182,'2019-02-08',46.999999999999999998,replace('b3JkZXI6IDQ5OTsgYW1vdW50X3BhaWQ6IDQ3LjA7IHJlY2VpdmVkOiAyMDE5\nLTAyLTA4OyBjYXJkOiBWSVNBICoqKio5MDEyOyBiaWxsaW5nIHppcDogODc4\nMDI=\n','\n',char(10)));
INSERT INTO orders VALUES(500,116,182,'2019-01-02',91.65000000000000568,replace('b3JkZXI6IDUwMDsgYW1vdW50X3BhaWQ6IDkxLjY1OyByZWNlaXZlZDogMjAx\nOS0wMS0wMjsgY2FyZDogVklTQSAqKioqOTAxMjsgYmlsbGluZyB6aXA6IDg3\nODAy\n','\n',char(10)));
INSERT INTO orders VALUES(501,117,183,'2019-05-02',42.60000000000000142,replace('b3JkZXI6IDUwMTsgYW1vdW50X3BhaWQ6IDQyLjY7IHJlY2VpdmVkOiAyMDE5\nLTA1LTAyOyBjYXJkOiBWSVNBICoqKio5MDEyOyBiaWxsaW5nIHppcDogNzI3\nNzQ=\n','\n',char(10)));
INSERT INTO orders VALUES(502,117,184,'2019-01-12',58.200000000000002842,replace('b3JkZXI6IDUwMjsgYW1vdW50X3BhaWQ6IDU4LjI7IHJlY2VpdmVkOiAyMDE5\nLTAxLTEyOyBjYXJkOiBWSVNBICoqKio5MDEyOyBiaWxsaW5nIHppcDogNzI3\nNzQ=\n','\n',char(10)));
INSERT INTO orders VALUES(503,118,185,'2019-01-04',7.9500000000000001776,replace('b3JkZXI6IDUwMzsgYW1vdW50X3BhaWQ6IDcuOTU7IHJlY2VpdmVkOiAyMDE5\nLTAxLTA0OyBjYXJkOiBWSVNBICoqKio5MDEyOyBiaWxsaW5nIHppcDogOTgx\nODc=\n','\n',char(10)));
INSERT INTO orders VALUES(504,118,186,'2019-01-14',85.80000000000001137,replace('b3JkZXI6IDUwNDsgYW1vdW50X3BhaWQ6IDg1LjgwMDAwMDAwMDAwMDAxOyBy\nZWNlaXZlZDogMjAxOS0wMS0xNDsgY2FyZDogVklTQSAqKioqOTAxMjsgYmls\nbGluZyB6aXA6IDk4MTg3\n','\n',char(10)));
INSERT INTO orders VALUES(505,118,185,'2019-03-17',37.150000000000005684,replace('b3JkZXI6IDUwNTsgYW1vdW50X3BhaWQ6IDM3LjE1MDAwMDAwMDAwMDAwNjsg\ncmVjZWl2ZWQ6IDIwMTktMDMtMTc7IGNhcmQ6IFZJU0EgKioqKjkwMTI7IGJp\nbGxpbmcgemlwOiA5ODE4Nw==\n','\n',char(10)));
INSERT INTO orders VALUES(506,118,185,'2019-03-19',88.75,replace('b3JkZXI6IDUwNjsgYW1vdW50X3BhaWQ6IDg4Ljc1OyByZWNlaXZlZDogMjAx\nOS0wMy0xOTsgY2FyZDogVklTQSAqKioqOTAxMjsgYmlsbGluZyB6aXA6IDk4\nMTg3\n','\n',char(10)));
INSERT INTO orders VALUES(507,118,185,'2019-02-02',33.849999999999994316,replace('b3JkZXI6IDUwNzsgYW1vdW50X3BhaWQ6IDMzLjg0OTk5OTk5OTk5OTk5NDsg\ncmVjZWl2ZWQ6IDIwMTktMDItMDI7IGNhcmQ6IFZJU0EgKioqKjkwMTI7IGJp\nbGxpbmcgemlwOiA5ODE4Nw==\n','\n',char(10)));
INSERT INTO orders VALUES(508,119,188,'2019-05-20',36.149999999999998579,replace('b3JkZXI6IDUwODsgYW1vdW50X3BhaWQ6IDM2LjE1OyByZWNlaXZlZDogMjAx\nOS0wNS0yMDsgY2FyZDogVklTQSAqKioqOTAxMjsgYmlsbGluZyB6aXA6IDM0\nMDE2\n','\n',char(10)));
INSERT INTO orders VALUES(509,119,188,'2019-05-06',67.950000000000002841,replace('b3JkZXI6IDUwOTsgYW1vdW50X3BhaWQ6IDY3Ljk1OyByZWNlaXZlZDogMjAx\nOS0wNS0wNjsgY2FyZDogVklTQSAqKioqOTAxMjsgYmlsbGluZyB6aXA6IDM0\nMDE2\n','\n',char(10)));
INSERT INTO orders VALUES(510,120,189,'2019-03-06',47.5,replace('b3JkZXI6IDUxMDsgYW1vdW50X3BhaWQ6IDQ3LjU7IHJlY2VpdmVkOiAyMDE5\nLTAzLTA2OyBjYXJkOiBWSVNBICoqKio5MDEyOyBiaWxsaW5nIHppcDogODA5\nMjk=\n','\n',char(10)));
INSERT INTO orders VALUES(511,120,189,'2019-05-29',75.549999999999997157,replace('b3JkZXI6IDUxMTsgYW1vdW50X3BhaWQ6IDc1LjU1OyByZWNlaXZlZDogMjAx\nOS0wNS0yOTsgY2FyZDogVklTQSAqKioqOTAxMjsgYmlsbGluZyB6aXA6IDgw\nOTI5\n','\n',char(10)));
INSERT INTO orders VALUES(512,120,189,'2019-03-20',44.600000000000001422,replace('b3JkZXI6IDUxMjsgYW1vdW50X3BhaWQ6IDQ0LjY7IHJlY2VpdmVkOiAyMDE5\nLTAzLTIwOyBjYXJkOiBWSVNBICoqKio5MDEyOyBiaWxsaW5nIHppcDogODA5\nMjk=\n','\n',char(10)));
INSERT INTO orders VALUES(513,120,189,'2019-03-21',62.249999999999999999,replace('b3JkZXI6IDUxMzsgYW1vdW50X3BhaWQ6IDYyLjI1OyByZWNlaXZlZDogMjAx\nOS0wMy0yMTsgY2FyZDogVklTQSAqKioqOTAxMjsgYmlsbGluZyB6aXA6IDgw\nOTI5\n','\n',char(10)));
INSERT INTO orders VALUES(514,120,189,'2019-03-26',31.950000000000002842,replace('b3JkZXI6IDUxNDsgYW1vdW50X3BhaWQ6IDMxLjk1MDAwMDAwMDAwMDAwMzsg\ncmVjZWl2ZWQ6IDIwMTktMDMtMjY7IGNhcmQ6IFZJU0EgKioqKjkwMTI7IGJp\nbGxpbmcgemlwOiA4MDkyOQ==\n','\n',char(10)));
INSERT INTO orders VALUES(515,120,189,'2019-03-15',58.499999999999999999,replace('b3JkZXI6IDUxNTsgYW1vdW50X3BhaWQ6IDU4LjU7IHJlY2VpdmVkOiAyMDE5\nLTAzLTE1OyBjYXJkOiBWSVNBICoqKio5MDEyOyBiaWxsaW5nIHppcDogODA5\nMjk=\n','\n',char(10)));
INSERT INTO orders VALUES(516,120,189,'2019-02-07',11.900000000000000355,replace('b3JkZXI6IDUxNjsgYW1vdW50X3BhaWQ6IDExLjk7IHJlY2VpdmVkOiAyMDE5\nLTAyLTA3OyBjYXJkOiBWSVNBICoqKio5MDEyOyBiaWxsaW5nIHppcDogODA5\nMjk=\n','\n',char(10)));
INSERT INTO orders VALUES(517,121,190,'2019-01-01',21.800000000000000709,replace('b3JkZXI6IDUxNzsgYW1vdW50X3BhaWQ6IDIxLjg7IHJlY2VpdmVkOiAyMDE5\nLTAxLTAxOyBjYXJkOiBWSVNBICoqKio5MDEyOyBiaWxsaW5nIHppcDogMzA0\nNjk=\n','\n',char(10)));
INSERT INTO orders VALUES(518,121,191,'2019-02-16',68.95000000000000284,replace('b3JkZXI6IDUxODsgYW1vdW50X3BhaWQ6IDY4Ljk1OyByZWNlaXZlZDogMjAx\nOS0wMi0xNjsgY2FyZDogVklTQSAqKioqOTAxMjsgYmlsbGluZyB6aXA6IDMw\nNDY5\n','\n',char(10)));
INSERT INTO orders VALUES(519,121,191,'2019-01-03',67.70000000000000284,replace('b3JkZXI6IDUxOTsgYW1vdW50X3BhaWQ6IDY3Ljc7IHJlY2VpdmVkOiAyMDE5\nLTAxLTAzOyBjYXJkOiBWSVNBICoqKio5MDEyOyBiaWxsaW5nIHppcDogMzA0\nNjk=\n','\n',char(10)));
INSERT INTO orders VALUES(520,122,192,'2019-01-19',11.900000000000000355,replace('b3JkZXI6IDUyMDsgYW1vdW50X3BhaWQ6IDExLjk7IHJlY2VpdmVkOiAyMDE5\nLTAxLTE5OyBjYXJkOiBWSVNBICoqKio5MDEyOyBiaWxsaW5nIHppcDogMzAz\nMjE=\n','\n',char(10)));
INSERT INTO orders VALUES(521,122,193,'2019-01-24',35.999999999999999999,replace('b3JkZXI6IDUyMTsgYW1vdW50X3BhaWQ6IDM2LjA7IHJlY2VpdmVkOiAyMDE5\nLTAxLTI0OyBjYXJkOiBWSVNBICoqKio5MDEyOyBiaWxsaW5nIHppcDogMzAz\nMjE=\n','\n',char(10)));
INSERT INTO orders VALUES(522,122,192,'2019-05-22',40.749999999999999998,replace('b3JkZXI6IDUyMjsgYW1vdW50X3BhaWQ6IDQwLjc1OyByZWNlaXZlZDogMjAx\nOS0wNS0yMjsgY2FyZDogVklTQSAqKioqOTAxMjsgYmlsbGluZyB6aXA6IDMw\nMzIx\n','\n',char(10)));
INSERT INTO orders VALUES(523,122,193,'2019-04-02',53.249999999999999998,replace('b3JkZXI6IDUyMzsgYW1vdW50X3BhaWQ6IDUzLjI1OyByZWNlaXZlZDogMjAx\nOS0wNC0wMjsgY2FyZDogVklTQSAqKioqOTAxMjsgYmlsbGluZyB6aXA6IDMw\nMzIx\n','\n',char(10)));
INSERT INTO orders VALUES(524,122,193,'2019-04-18',43.600000000000001419,replace('b3JkZXI6IDUyNDsgYW1vdW50X3BhaWQ6IDQzLjY7IHJlY2VpdmVkOiAyMDE5\nLTA0LTE4OyBjYXJkOiBWSVNBICoqKio5MDEyOyBiaWxsaW5nIHppcDogMzAz\nMjE=\n','\n',char(10)));
INSERT INTO orders VALUES(525,122,193,'2019-03-31',35.999999999999999999,replace('b3JkZXI6IDUyNTsgYW1vdW50X3BhaWQ6IDM2LjA7IHJlY2VpdmVkOiAyMDE5\nLTAzLTMxOyBjYXJkOiBWSVNBICoqKio5MDEyOyBiaWxsaW5nIHppcDogMzAz\nMjE=\n','\n',char(10)));
INSERT INTO orders VALUES(526,122,192,'2019-04-16',94.299999999999997157,replace('b3JkZXI6IDUyNjsgYW1vdW50X3BhaWQ6IDk0LjM7IHJlY2VpdmVkOiAyMDE5\nLTA0LTE2OyBjYXJkOiBWSVNBICoqKio5MDEyOyBiaWxsaW5nIHppcDogMzAz\nMjE=\n','\n',char(10)));
INSERT INTO orders VALUES(527,122,193,'2019-05-09',80.350000000000008524,replace('b3JkZXI6IDUyNzsgYW1vdW50X3BhaWQ6IDgwLjM1MDAwMDAwMDAwMDAxOyBy\nZWNlaXZlZDogMjAxOS0wNS0wOTsgY2FyZDogVklTQSAqKioqOTAxMjsgYmls\nbGluZyB6aXA6IDMwMzIx\n','\n',char(10)));
INSERT INTO orders VALUES(528,122,193,'2019-05-19',41.999999999999999998,replace('b3JkZXI6IDUyODsgYW1vdW50X3BhaWQ6IDQyLjA7IHJlY2VpdmVkOiAyMDE5\nLTA1LTE5OyBjYXJkOiBWSVNBICoqKio5MDEyOyBiaWxsaW5nIHppcDogMzAz\nMjE=\n','\n',char(10)));
INSERT INTO orders VALUES(529,122,192,'2019-02-15',47.799999999999997156,replace('b3JkZXI6IDUyOTsgYW1vdW50X3BhaWQ6IDQ3Ljg7IHJlY2VpdmVkOiAyMDE5\nLTAyLTE1OyBjYXJkOiBWSVNBICoqKio5MDEyOyBiaWxsaW5nIHppcDogMzAz\nMjE=\n','\n',char(10)));
INSERT INTO orders VALUES(530,14,16,'2019-06-01',258.2400000000000091,replace('b3JkZXI6IDUzMDsgYW1vdW50X3BhaWQ6IDI1OC4yNDsgcmVjZWl2ZWQ6IDIw\nMTktMDYtMDE7IGNhcmQ6IFZJU0EgKioqKjkwMTI7IGJpbGxpbmcgemlwOiA4\nMzkwNA==\n','\n',char(10)));
CREATE TABLE IF NOT EXISTS "order_items" ("id" SERIAL PRIMARY KEY NOT NULL, "order_id" integer, "item_id" integer, "quantity" integer, "shipped_on" date, CONSTRAINT "fk_rails_e3cb28f071"
FOREIGN KEY ("order_id")
  REFERENCES "orders" ("id")
, CONSTRAINT "fk_rails_3e402078fd"
FOREIGN KEY ("item_id")
  REFERENCES "items" ("id")
);
INSERT INTO order_items VALUES(1,1,9,3,'2019-03-10');
INSERT INTO order_items VALUES(2,1,6,4,'2019-03-10');
INSERT INTO order_items VALUES(3,1,2,2,'2019-03-10');
INSERT INTO order_items VALUES(4,1,1,4,'2019-03-10');
INSERT INTO order_items VALUES(5,2,8,4,'2019-01-21');
INSERT INTO order_items VALUES(6,2,1,3,'2019-01-21');
INSERT INTO order_items VALUES(7,3,6,4,'2019-05-20');
INSERT INTO order_items VALUES(8,3,7,2,'2019-05-20');
INSERT INTO order_items VALUES(9,4,3,3,'2019-01-25');
INSERT INTO order_items VALUES(10,4,6,3,'2019-01-25');
INSERT INTO order_items VALUES(11,5,2,3,'2019-05-09');
INSERT INTO order_items VALUES(12,5,8,3,'2019-05-09');
INSERT INTO order_items VALUES(13,6,8,2,'2019-03-17');
INSERT INTO order_items VALUES(14,6,4,2,'2019-03-17');
INSERT INTO order_items VALUES(15,6,5,2,'2019-03-17');
INSERT INTO order_items VALUES(16,7,5,3,'2019-01-06');
INSERT INTO order_items VALUES(17,7,9,3,'2019-01-06');
INSERT INTO order_items VALUES(18,7,1,1,'2019-01-06');
INSERT INTO order_items VALUES(19,8,5,1,'2019-01-05');
INSERT INTO order_items VALUES(20,8,6,3,'2019-01-05');
INSERT INTO order_items VALUES(21,9,3,1,'2019-05-16');
INSERT INTO order_items VALUES(22,10,1,1,'2019-01-06');
INSERT INTO order_items VALUES(23,10,9,3,'2019-01-06');
INSERT INTO order_items VALUES(24,10,2,3,'2019-01-06');
INSERT INTO order_items VALUES(25,10,4,3,'2019-01-06');
INSERT INTO order_items VALUES(26,11,8,4,'2019-05-06');
INSERT INTO order_items VALUES(27,11,6,3,'2019-05-06');
INSERT INTO order_items VALUES(28,12,6,2,'2019-03-04');
INSERT INTO order_items VALUES(29,13,6,1,'2019-03-26');
INSERT INTO order_items VALUES(30,13,4,4,'2019-03-26');
INSERT INTO order_items VALUES(31,14,4,1,'2019-02-10');
INSERT INTO order_items VALUES(32,15,5,3,'2019-03-05');
INSERT INTO order_items VALUES(33,16,7,2,'2019-04-20');
INSERT INTO order_items VALUES(34,17,8,2,'2019-01-20');
INSERT INTO order_items VALUES(35,17,5,1,'2019-01-20');
INSERT INTO order_items VALUES(36,18,7,3,'2019-02-02');
INSERT INTO order_items VALUES(37,19,3,2,'2019-02-18');
INSERT INTO order_items VALUES(38,19,2,4,'2019-02-18');
INSERT INTO order_items VALUES(39,19,7,2,'2019-02-18');
INSERT INTO order_items VALUES(40,19,1,2,'2019-02-18');
INSERT INTO order_items VALUES(41,19,5,1,'2019-02-18');
INSERT INTO order_items VALUES(42,20,1,2,'2019-04-17');
INSERT INTO order_items VALUES(43,20,8,2,'2019-04-17');
INSERT INTO order_items VALUES(44,21,4,4,'2019-01-02');
INSERT INTO order_items VALUES(45,21,3,3,'2019-01-02');
INSERT INTO order_items VALUES(46,22,5,4,'2019-03-18');
INSERT INTO order_items VALUES(47,23,3,2,'2019-01-14');
INSERT INTO order_items VALUES(48,24,9,3,'2019-05-22');
INSERT INTO order_items VALUES(49,24,3,2,'2019-05-22');
INSERT INTO order_items VALUES(50,25,7,1,'2019-01-21');
INSERT INTO order_items VALUES(51,26,1,2,'2019-04-08');
INSERT INTO order_items VALUES(52,27,8,1,'2019-04-14');
INSERT INTO order_items VALUES(53,28,4,4,'2019-01-11');
INSERT INTO order_items VALUES(54,29,7,4,'2019-05-13');
INSERT INTO order_items VALUES(55,30,2,1,'2019-02-04');
INSERT INTO order_items VALUES(56,30,9,3,'2019-02-04');
INSERT INTO order_items VALUES(57,31,2,4,'2019-01-30');
INSERT INTO order_items VALUES(58,31,1,4,'2019-01-30');
INSERT INTO order_items VALUES(59,31,3,3,'2019-01-30');
INSERT INTO order_items VALUES(60,31,7,1,'2019-01-30');
INSERT INTO order_items VALUES(61,31,4,4,'2019-01-30');
INSERT INTO order_items VALUES(62,32,7,4,'2019-03-09');
INSERT INTO order_items VALUES(63,32,8,4,'2019-03-09');
INSERT INTO order_items VALUES(64,32,1,4,'2019-03-09');
INSERT INTO order_items VALUES(65,33,3,4,'2019-01-23');
INSERT INTO order_items VALUES(66,33,6,4,'2019-01-23');
INSERT INTO order_items VALUES(67,34,3,3,'2019-01-22');
INSERT INTO order_items VALUES(68,34,2,2,'2019-01-22');
INSERT INTO order_items VALUES(69,34,8,2,'2019-01-22');
INSERT INTO order_items VALUES(70,34,1,4,'2019-01-22');
INSERT INTO order_items VALUES(71,35,5,2,'2019-01-17');
INSERT INTO order_items VALUES(72,36,8,2,'2019-04-07');
INSERT INTO order_items VALUES(73,36,3,2,'2019-04-07');
INSERT INTO order_items VALUES(74,36,6,1,'2019-04-07');
INSERT INTO order_items VALUES(75,36,2,3,'2019-04-07');
INSERT INTO order_items VALUES(76,36,9,2,'2019-04-07');
INSERT INTO order_items VALUES(77,37,3,2,'2019-04-16');
INSERT INTO order_items VALUES(78,37,5,3,'2019-04-16');
INSERT INTO order_items VALUES(79,37,6,2,'2019-04-16');
INSERT INTO order_items VALUES(80,38,5,4,'2019-02-12');
INSERT INTO order_items VALUES(81,38,6,1,'2019-02-12');
INSERT INTO order_items VALUES(82,39,7,1,'2019-02-10');
INSERT INTO order_items VALUES(83,39,5,2,'2019-02-10');
INSERT INTO order_items VALUES(84,39,3,1,'2019-02-10');
INSERT INTO order_items VALUES(85,39,9,1,'2019-02-10');
INSERT INTO order_items VALUES(86,40,9,4,'2019-01-09');
INSERT INTO order_items VALUES(87,40,2,3,'2019-01-09');
INSERT INTO order_items VALUES(88,41,9,2,'2019-02-24');
INSERT INTO order_items VALUES(89,41,4,3,'2019-02-24');
INSERT INTO order_items VALUES(90,42,2,2,'2019-02-26');
INSERT INTO order_items VALUES(91,42,9,4,'2019-02-26');
INSERT INTO order_items VALUES(92,42,4,2,'2019-02-26');
INSERT INTO order_items VALUES(93,43,8,2,'2019-03-03');
INSERT INTO order_items VALUES(94,43,2,2,'2019-03-03');
INSERT INTO order_items VALUES(95,44,8,3,'2019-02-07');
INSERT INTO order_items VALUES(96,44,2,2,'2019-02-07');
INSERT INTO order_items VALUES(97,44,4,3,'2019-02-07');
INSERT INTO order_items VALUES(98,45,1,2,'2019-03-18');
INSERT INTO order_items VALUES(99,46,2,3,'2019-03-01');
INSERT INTO order_items VALUES(100,46,3,3,'2019-03-01');
INSERT INTO order_items VALUES(101,47,5,2,'2019-05-05');
INSERT INTO order_items VALUES(102,47,6,2,'2019-05-05');
INSERT INTO order_items VALUES(103,48,6,4,'2019-01-30');
INSERT INTO order_items VALUES(104,48,9,1,'2019-01-30');
INSERT INTO order_items VALUES(105,49,1,1,'2019-04-23');
INSERT INTO order_items VALUES(106,49,5,2,'2019-04-23');
INSERT INTO order_items VALUES(107,49,9,1,'2019-04-23');
INSERT INTO order_items VALUES(108,49,4,4,'2019-04-23');
INSERT INTO order_items VALUES(109,49,7,4,'2019-04-23');
INSERT INTO order_items VALUES(110,50,4,2,'2019-04-10');
INSERT INTO order_items VALUES(111,50,8,4,'2019-04-10');
INSERT INTO order_items VALUES(112,50,7,2,'2019-04-10');
INSERT INTO order_items VALUES(113,50,6,4,'2019-04-10');
INSERT INTO order_items VALUES(114,51,9,3,'2019-02-25');
INSERT INTO order_items VALUES(115,52,2,1,'2019-03-10');
INSERT INTO order_items VALUES(116,52,8,1,'2019-03-10');
INSERT INTO order_items VALUES(117,52,1,4,'2019-03-10');
INSERT INTO order_items VALUES(118,53,5,1,'2019-03-15');
INSERT INTO order_items VALUES(119,54,6,1,'2019-02-21');
INSERT INTO order_items VALUES(120,55,7,1,'2019-05-08');
INSERT INTO order_items VALUES(121,55,9,1,'2019-05-08');
INSERT INTO order_items VALUES(122,55,3,4,'2019-05-08');
INSERT INTO order_items VALUES(123,56,6,1,'2019-05-06');
INSERT INTO order_items VALUES(124,56,4,4,'2019-05-06');
INSERT INTO order_items VALUES(125,57,5,3,'2019-03-10');
INSERT INTO order_items VALUES(126,58,1,4,'2019-02-27');
INSERT INTO order_items VALUES(127,58,3,4,'2019-02-27');
INSERT INTO order_items VALUES(128,58,5,4,'2019-02-27');
INSERT INTO order_items VALUES(129,59,2,2,'2019-02-28');
INSERT INTO order_items VALUES(130,59,7,1,'2019-02-28');
INSERT INTO order_items VALUES(131,59,5,4,'2019-02-28');
INSERT INTO order_items VALUES(132,60,9,3,'2019-01-02');
INSERT INTO order_items VALUES(133,61,6,2,'2019-05-09');
INSERT INTO order_items VALUES(134,62,2,2,'2019-03-14');
INSERT INTO order_items VALUES(135,62,5,4,'2019-03-14');
INSERT INTO order_items VALUES(136,62,4,1,'2019-03-14');
INSERT INTO order_items VALUES(137,62,9,1,'2019-03-14');
INSERT INTO order_items VALUES(138,63,9,2,'2019-04-04');
INSERT INTO order_items VALUES(139,63,2,1,'2019-04-04');
INSERT INTO order_items VALUES(140,63,4,4,'2019-04-04');
INSERT INTO order_items VALUES(141,63,3,4,'2019-04-04');
INSERT INTO order_items VALUES(142,63,7,1,'2019-04-04');
INSERT INTO order_items VALUES(143,64,7,2,'2019-01-30');
INSERT INTO order_items VALUES(144,64,6,2,'2019-01-30');
INSERT INTO order_items VALUES(145,65,9,4,'2019-02-13');
INSERT INTO order_items VALUES(146,65,2,3,'2019-02-13');
INSERT INTO order_items VALUES(147,66,1,4,'2019-05-12');
INSERT INTO order_items VALUES(148,67,1,4,'2019-01-08');
INSERT INTO order_items VALUES(149,68,8,3,'2019-01-31');
INSERT INTO order_items VALUES(150,68,4,4,'2019-01-31');
INSERT INTO order_items VALUES(151,69,2,4,'2019-02-28');
INSERT INTO order_items VALUES(152,69,6,2,'2019-02-28');
INSERT INTO order_items VALUES(153,70,8,2,'2019-02-28');
INSERT INTO order_items VALUES(154,70,1,3,'2019-02-28');
INSERT INTO order_items VALUES(155,70,6,3,'2019-02-28');
INSERT INTO order_items VALUES(156,70,5,3,'2019-02-28');
INSERT INTO order_items VALUES(157,71,3,3,'2019-03-14');
INSERT INTO order_items VALUES(158,72,4,3,'2019-01-11');
INSERT INTO order_items VALUES(159,73,4,2,'2019-02-11');
INSERT INTO order_items VALUES(160,74,4,4,'2019-02-13');
INSERT INTO order_items VALUES(161,74,2,4,'2019-02-13');
INSERT INTO order_items VALUES(162,75,3,1,'2019-05-04');
INSERT INTO order_items VALUES(163,75,5,1,'2019-05-04');
INSERT INTO order_items VALUES(164,76,8,2,'2019-04-03');
INSERT INTO order_items VALUES(165,76,2,2,'2019-04-03');
INSERT INTO order_items VALUES(166,76,4,3,'2019-04-03');
INSERT INTO order_items VALUES(167,77,7,4,'2019-04-21');
INSERT INTO order_items VALUES(168,78,6,3,'2019-03-19');
INSERT INTO order_items VALUES(169,78,3,4,'2019-03-19');
INSERT INTO order_items VALUES(170,79,1,4,'2019-03-03');
INSERT INTO order_items VALUES(171,79,3,1,'2019-03-03');
INSERT INTO order_items VALUES(172,79,6,1,'2019-03-03');
INSERT INTO order_items VALUES(173,80,8,2,'2019-03-13');
INSERT INTO order_items VALUES(174,81,5,1,'2019-04-09');
INSERT INTO order_items VALUES(175,81,6,3,'2019-04-09');
INSERT INTO order_items VALUES(176,82,2,1,'2019-03-15');
INSERT INTO order_items VALUES(177,82,6,1,'2019-03-15');
INSERT INTO order_items VALUES(178,83,1,2,'2019-03-18');
INSERT INTO order_items VALUES(179,83,7,3,'2019-03-18');
INSERT INTO order_items VALUES(180,83,8,4,'2019-03-18');
INSERT INTO order_items VALUES(181,83,9,4,'2019-03-18');
INSERT INTO order_items VALUES(182,83,2,3,'2019-03-18');
INSERT INTO order_items VALUES(183,84,9,4,'2019-02-09');
INSERT INTO order_items VALUES(184,84,1,2,'2019-02-09');
INSERT INTO order_items VALUES(185,84,6,4,'2019-02-09');
INSERT INTO order_items VALUES(186,85,1,1,'2019-01-05');
INSERT INTO order_items VALUES(187,85,4,2,'2019-01-05');
INSERT INTO order_items VALUES(188,86,9,1,'2019-01-03');
INSERT INTO order_items VALUES(189,87,8,2,'2019-01-22');
INSERT INTO order_items VALUES(190,87,1,2,'2019-01-22');
INSERT INTO order_items VALUES(191,87,7,4,'2019-01-22');
INSERT INTO order_items VALUES(192,88,1,1,'2019-03-21');
INSERT INTO order_items VALUES(193,88,4,4,'2019-03-21');
INSERT INTO order_items VALUES(194,88,7,1,'2019-03-21');
INSERT INTO order_items VALUES(195,88,2,2,'2019-03-21');
INSERT INTO order_items VALUES(196,88,3,4,'2019-03-21');
INSERT INTO order_items VALUES(197,89,1,1,'2019-05-15');
INSERT INTO order_items VALUES(198,89,4,4,'2019-05-15');
INSERT INTO order_items VALUES(199,90,9,1,'2019-04-23');
INSERT INTO order_items VALUES(200,91,1,3,'2019-04-24');
INSERT INTO order_items VALUES(201,92,4,1,'2019-03-12');
INSERT INTO order_items VALUES(202,92,2,3,'2019-03-12');
INSERT INTO order_items VALUES(203,93,2,1,'2019-02-07');
INSERT INTO order_items VALUES(204,93,9,2,'2019-02-07');
INSERT INTO order_items VALUES(205,93,1,2,'2019-02-07');
INSERT INTO order_items VALUES(206,93,3,1,'2019-02-07');
INSERT INTO order_items VALUES(207,93,7,4,'2019-02-07');
INSERT INTO order_items VALUES(208,94,4,1,'2019-01-15');
INSERT INTO order_items VALUES(209,94,2,1,'2019-01-15');
INSERT INTO order_items VALUES(210,94,1,4,'2019-01-15');
INSERT INTO order_items VALUES(211,94,6,4,'2019-01-15');
INSERT INTO order_items VALUES(212,94,9,4,'2019-01-15');
INSERT INTO order_items VALUES(213,95,8,1,'2019-02-07');
INSERT INTO order_items VALUES(214,95,3,3,'2019-02-07');
INSERT INTO order_items VALUES(215,96,8,2,'2019-02-22');
INSERT INTO order_items VALUES(216,96,6,3,'2019-02-22');
INSERT INTO order_items VALUES(217,97,3,3,'2019-03-22');
INSERT INTO order_items VALUES(218,97,2,4,'2019-03-22');
INSERT INTO order_items VALUES(219,97,8,3,'2019-03-22');
INSERT INTO order_items VALUES(220,98,1,1,'2019-03-09');
INSERT INTO order_items VALUES(221,98,7,2,'2019-03-09');
INSERT INTO order_items VALUES(222,99,3,3,'2019-01-22');
INSERT INTO order_items VALUES(223,99,2,4,'2019-01-22');
INSERT INTO order_items VALUES(224,99,9,1,'2019-01-22');
INSERT INTO order_items VALUES(225,100,1,3,'2019-05-23');
INSERT INTO order_items VALUES(226,101,2,3,'2019-01-21');
INSERT INTO order_items VALUES(227,101,8,2,'2019-01-21');
INSERT INTO order_items VALUES(228,101,7,1,'2019-01-21');
INSERT INTO order_items VALUES(229,101,5,1,'2019-01-21');
INSERT INTO order_items VALUES(230,102,3,1,'2019-01-16');
INSERT INTO order_items VALUES(231,102,8,2,'2019-01-16');
INSERT INTO order_items VALUES(232,103,2,2,'2019-01-04');
INSERT INTO order_items VALUES(233,103,7,4,'2019-01-04');
INSERT INTO order_items VALUES(234,103,3,4,'2019-01-04');
INSERT INTO order_items VALUES(235,103,9,3,'2019-01-04');
INSERT INTO order_items VALUES(236,104,6,4,'2019-03-20');
INSERT INTO order_items VALUES(237,104,3,4,'2019-03-20');
INSERT INTO order_items VALUES(238,104,9,2,'2019-03-20');
INSERT INTO order_items VALUES(239,104,4,3,'2019-03-20');
INSERT INTO order_items VALUES(240,104,8,1,'2019-03-20');
INSERT INTO order_items VALUES(241,105,9,3,'2019-05-30');
INSERT INTO order_items VALUES(242,105,2,3,'2019-05-30');
INSERT INTO order_items VALUES(243,106,8,1,'2019-01-03');
INSERT INTO order_items VALUES(244,106,4,3,'2019-01-03');
INSERT INTO order_items VALUES(245,107,1,1,'2019-01-28');
INSERT INTO order_items VALUES(246,108,6,4,'2019-02-17');
INSERT INTO order_items VALUES(247,108,7,2,'2019-02-17');
INSERT INTO order_items VALUES(248,108,2,1,'2019-02-17');
INSERT INTO order_items VALUES(249,108,4,4,'2019-02-17');
INSERT INTO order_items VALUES(250,108,9,1,'2019-02-17');
INSERT INTO order_items VALUES(251,109,1,3,'2019-03-24');
INSERT INTO order_items VALUES(252,109,2,1,'2019-03-24');
INSERT INTO order_items VALUES(253,110,1,1,'2019-02-25');
INSERT INTO order_items VALUES(254,110,5,4,'2019-02-25');
INSERT INTO order_items VALUES(255,110,2,3,'2019-02-25');
INSERT INTO order_items VALUES(256,111,2,2,'2019-01-05');
INSERT INTO order_items VALUES(257,112,9,4,'2019-05-24');
INSERT INTO order_items VALUES(258,112,8,4,'2019-05-24');
INSERT INTO order_items VALUES(259,112,2,3,'2019-05-24');
INSERT INTO order_items VALUES(260,113,2,1,'2019-04-16');
INSERT INTO order_items VALUES(261,113,8,3,'2019-04-16');
INSERT INTO order_items VALUES(262,114,6,3,'2019-01-07');
INSERT INTO order_items VALUES(263,115,3,3,'2019-04-02');
INSERT INTO order_items VALUES(264,116,7,1,'2019-02-16');
INSERT INTO order_items VALUES(265,116,9,4,'2019-02-16');
INSERT INTO order_items VALUES(266,117,9,1,'2019-03-23');
INSERT INTO order_items VALUES(267,118,6,2,'2019-02-11');
INSERT INTO order_items VALUES(268,118,5,1,'2019-02-11');
INSERT INTO order_items VALUES(269,119,5,4,'2019-05-03');
INSERT INTO order_items VALUES(270,119,6,2,'2019-05-03');
INSERT INTO order_items VALUES(271,120,7,1,'2019-03-29');
INSERT INTO order_items VALUES(272,120,6,3,'2019-03-29');
INSERT INTO order_items VALUES(273,121,5,4,'2019-04-30');
INSERT INTO order_items VALUES(274,121,6,1,'2019-04-30');
INSERT INTO order_items VALUES(275,121,7,3,'2019-04-30');
INSERT INTO order_items VALUES(276,122,7,3,'2019-02-04');
INSERT INTO order_items VALUES(277,123,8,1,'2019-04-17');
INSERT INTO order_items VALUES(278,124,8,4,'2019-02-21');
INSERT INTO order_items VALUES(279,124,9,3,'2019-02-21');
INSERT INTO order_items VALUES(280,125,9,4,'2019-05-27');
INSERT INTO order_items VALUES(281,126,9,4,'2019-01-15');
INSERT INTO order_items VALUES(282,126,4,2,'2019-01-15');
INSERT INTO order_items VALUES(283,126,2,2,'2019-01-15');
INSERT INTO order_items VALUES(284,126,6,3,'2019-01-15');
INSERT INTO order_items VALUES(285,126,5,3,'2019-01-15');
INSERT INTO order_items VALUES(286,127,5,3,'2019-01-31');
INSERT INTO order_items VALUES(287,127,7,1,'2019-01-31');
INSERT INTO order_items VALUES(288,128,7,3,'2019-04-07');
INSERT INTO order_items VALUES(289,128,8,1,'2019-04-07');
INSERT INTO order_items VALUES(290,129,5,2,'2019-04-06');
INSERT INTO order_items VALUES(291,129,1,2,'2019-04-06');
INSERT INTO order_items VALUES(292,130,3,4,'2019-02-07');
INSERT INTO order_items VALUES(293,130,5,4,'2019-02-07');
INSERT INTO order_items VALUES(294,130,9,2,'2019-02-07');
INSERT INTO order_items VALUES(295,130,4,2,'2019-02-07');
INSERT INTO order_items VALUES(296,131,2,4,'2019-03-15');
INSERT INTO order_items VALUES(297,131,1,1,'2019-03-15');
INSERT INTO order_items VALUES(298,131,5,3,'2019-03-15');
INSERT INTO order_items VALUES(299,131,6,1,'2019-03-15');
INSERT INTO order_items VALUES(300,131,8,2,'2019-03-15');
INSERT INTO order_items VALUES(301,132,5,4,'2019-02-10');
INSERT INTO order_items VALUES(302,132,6,3,'2019-02-10');
INSERT INTO order_items VALUES(303,132,7,3,'2019-02-10');
INSERT INTO order_items VALUES(304,132,8,3,'2019-02-10');
INSERT INTO order_items VALUES(305,132,4,1,'2019-02-10');
INSERT INTO order_items VALUES(306,133,7,3,'2019-03-10');
INSERT INTO order_items VALUES(307,133,8,3,'2019-03-10');
INSERT INTO order_items VALUES(308,134,7,1,'2019-01-22');
INSERT INTO order_items VALUES(309,135,8,3,'2019-02-20');
INSERT INTO order_items VALUES(310,135,6,1,'2019-02-20');
INSERT INTO order_items VALUES(311,136,1,2,'2019-05-30');
INSERT INTO order_items VALUES(312,136,8,1,'2019-05-30');
INSERT INTO order_items VALUES(313,136,5,1,'2019-05-30');
INSERT INTO order_items VALUES(314,137,1,4,'2019-03-21');
INSERT INTO order_items VALUES(315,137,9,1,'2019-03-21');
INSERT INTO order_items VALUES(316,137,7,2,'2019-03-21');
INSERT INTO order_items VALUES(317,137,8,4,'2019-03-21');
INSERT INTO order_items VALUES(318,138,3,1,'2019-04-29');
INSERT INTO order_items VALUES(319,138,5,1,'2019-04-29');
INSERT INTO order_items VALUES(320,138,4,4,'2019-04-29');
INSERT INTO order_items VALUES(321,139,1,2,'2019-05-13');
INSERT INTO order_items VALUES(322,140,5,4,'2019-04-08');
INSERT INTO order_items VALUES(323,140,4,3,'2019-04-08');
INSERT INTO order_items VALUES(324,140,2,1,'2019-04-08');
INSERT INTO order_items VALUES(325,141,9,4,'2019-02-24');
INSERT INTO order_items VALUES(326,141,2,4,'2019-02-24');
INSERT INTO order_items VALUES(327,142,4,3,'2019-02-24');
INSERT INTO order_items VALUES(328,142,6,2,'2019-02-24');
INSERT INTO order_items VALUES(329,142,3,1,'2019-02-24');
INSERT INTO order_items VALUES(330,142,8,2,'2019-02-24');
INSERT INTO order_items VALUES(331,143,9,3,'2019-02-08');
INSERT INTO order_items VALUES(332,143,5,2,'2019-02-08');
INSERT INTO order_items VALUES(333,144,7,4,'2019-02-05');
INSERT INTO order_items VALUES(334,144,2,1,'2019-02-05');
INSERT INTO order_items VALUES(335,145,9,4,'2019-05-19');
INSERT INTO order_items VALUES(336,145,1,2,'2019-05-19');
INSERT INTO order_items VALUES(337,145,7,4,'2019-05-19');
INSERT INTO order_items VALUES(338,146,4,1,'2019-01-29');
INSERT INTO order_items VALUES(339,146,5,4,'2019-01-29');
INSERT INTO order_items VALUES(340,146,6,4,'2019-01-29');
INSERT INTO order_items VALUES(341,146,9,4,'2019-01-29');
INSERT INTO order_items VALUES(342,146,7,1,'2019-01-29');
INSERT INTO order_items VALUES(343,147,1,3,'2019-03-26');
INSERT INTO order_items VALUES(344,147,6,3,'2019-03-26');
INSERT INTO order_items VALUES(345,147,5,4,'2019-03-26');
INSERT INTO order_items VALUES(346,148,1,3,'2019-02-04');
INSERT INTO order_items VALUES(347,148,8,1,'2019-02-04');
INSERT INTO order_items VALUES(348,149,8,4,'2019-04-15');
INSERT INTO order_items VALUES(349,149,5,4,'2019-04-15');
INSERT INTO order_items VALUES(350,150,3,1,'2019-03-12');
INSERT INTO order_items VALUES(351,150,7,1,'2019-03-12');
INSERT INTO order_items VALUES(352,150,4,4,'2019-03-12');
INSERT INTO order_items VALUES(353,151,5,4,'2019-01-14');
INSERT INTO order_items VALUES(354,151,3,4,'2019-01-14');
INSERT INTO order_items VALUES(355,151,6,1,'2019-01-14');
INSERT INTO order_items VALUES(356,152,5,3,'2019-04-06');
INSERT INTO order_items VALUES(357,152,4,2,'2019-04-06');
INSERT INTO order_items VALUES(358,152,2,3,'2019-04-06');
INSERT INTO order_items VALUES(359,152,9,1,'2019-04-06');
INSERT INTO order_items VALUES(360,153,4,4,'2019-04-28');
INSERT INTO order_items VALUES(361,154,5,1,'2019-04-15');
INSERT INTO order_items VALUES(362,154,3,3,'2019-04-15');
INSERT INTO order_items VALUES(363,154,9,2,'2019-04-15');
INSERT INTO order_items VALUES(364,155,8,4,'2019-05-12');
INSERT INTO order_items VALUES(365,156,4,4,'2019-05-17');
INSERT INTO order_items VALUES(366,156,5,2,'2019-05-17');
INSERT INTO order_items VALUES(367,157,6,1,'2019-03-06');
INSERT INTO order_items VALUES(368,158,5,3,'2019-05-16');
INSERT INTO order_items VALUES(369,158,7,2,'2019-05-16');
INSERT INTO order_items VALUES(370,159,7,1,'2019-02-26');
INSERT INTO order_items VALUES(371,159,6,3,'2019-02-26');
INSERT INTO order_items VALUES(372,160,9,4,'2019-01-23');
INSERT INTO order_items VALUES(373,160,6,3,'2019-01-23');
INSERT INTO order_items VALUES(374,160,7,1,'2019-01-23');
INSERT INTO order_items VALUES(375,161,8,4,'2019-04-12');
INSERT INTO order_items VALUES(376,161,1,4,'2019-04-12');
INSERT INTO order_items VALUES(377,162,8,4,'2019-03-05');
INSERT INTO order_items VALUES(378,162,5,2,'2019-03-05');
INSERT INTO order_items VALUES(379,162,1,2,'2019-03-05');
INSERT INTO order_items VALUES(380,163,8,1,'2019-02-28');
INSERT INTO order_items VALUES(381,164,5,3,'2019-05-25');
INSERT INTO order_items VALUES(382,164,4,4,'2019-05-25');
INSERT INTO order_items VALUES(383,165,5,2,'2019-05-02');
INSERT INTO order_items VALUES(384,165,6,3,'2019-05-02');
INSERT INTO order_items VALUES(385,166,1,2,'2019-04-25');
INSERT INTO order_items VALUES(386,167,3,4,'2019-04-26');
INSERT INTO order_items VALUES(387,168,4,2,'2019-01-20');
INSERT INTO order_items VALUES(388,168,5,1,'2019-01-20');
INSERT INTO order_items VALUES(389,168,6,4,'2019-01-20');
INSERT INTO order_items VALUES(390,168,3,1,'2019-01-20');
INSERT INTO order_items VALUES(391,168,9,3,'2019-01-20');
INSERT INTO order_items VALUES(392,169,3,3,'2019-01-30');
INSERT INTO order_items VALUES(393,170,8,2,'2019-05-16');
INSERT INTO order_items VALUES(394,171,3,3,'2019-04-23');
INSERT INTO order_items VALUES(395,171,6,4,'2019-04-23');
INSERT INTO order_items VALUES(396,171,7,2,'2019-04-23');
INSERT INTO order_items VALUES(397,172,4,4,'2019-05-05');
INSERT INTO order_items VALUES(398,172,1,3,'2019-05-05');
INSERT INTO order_items VALUES(399,172,2,4,'2019-05-05');
INSERT INTO order_items VALUES(400,172,9,2,'2019-05-05');
INSERT INTO order_items VALUES(401,172,7,3,'2019-05-05');
INSERT INTO order_items VALUES(402,173,6,1,'2019-03-05');
INSERT INTO order_items VALUES(403,173,9,3,'2019-03-05');
INSERT INTO order_items VALUES(404,173,4,2,'2019-03-05');
INSERT INTO order_items VALUES(405,174,6,1,'2019-04-09');
INSERT INTO order_items VALUES(406,174,5,2,'2019-04-09');
INSERT INTO order_items VALUES(407,174,9,3,'2019-04-09');
INSERT INTO order_items VALUES(408,174,3,1,'2019-04-09');
INSERT INTO order_items VALUES(409,174,7,1,'2019-04-09');
INSERT INTO order_items VALUES(410,175,5,3,'2019-05-27');
INSERT INTO order_items VALUES(411,176,6,4,'2019-04-23');
INSERT INTO order_items VALUES(412,176,3,2,'2019-04-23');
INSERT INTO order_items VALUES(413,177,1,4,'2019-04-03');
INSERT INTO order_items VALUES(414,177,3,2,'2019-04-03');
INSERT INTO order_items VALUES(415,178,1,1,'2019-05-07');
INSERT INTO order_items VALUES(416,178,3,4,'2019-05-07');
INSERT INTO order_items VALUES(417,179,7,1,'2019-03-30');
INSERT INTO order_items VALUES(418,179,2,4,'2019-03-30');
INSERT INTO order_items VALUES(419,179,5,1,'2019-03-30');
INSERT INTO order_items VALUES(420,179,3,2,'2019-03-30');
INSERT INTO order_items VALUES(421,180,4,3,'2019-05-05');
INSERT INTO order_items VALUES(422,180,9,4,'2019-05-05');
INSERT INTO order_items VALUES(423,180,7,3,'2019-05-05');
INSERT INTO order_items VALUES(424,180,8,3,'2019-05-05');
INSERT INTO order_items VALUES(425,181,6,4,'2019-02-12');
INSERT INTO order_items VALUES(426,182,8,4,'2019-03-17');
INSERT INTO order_items VALUES(427,182,3,1,'2019-03-17');
INSERT INTO order_items VALUES(428,183,9,2,'2019-04-09');
INSERT INTO order_items VALUES(429,183,1,4,'2019-04-09');
INSERT INTO order_items VALUES(430,183,8,4,'2019-04-09');
INSERT INTO order_items VALUES(431,183,2,2,'2019-04-09');
INSERT INTO order_items VALUES(432,183,6,3,'2019-04-09');
INSERT INTO order_items VALUES(433,184,1,2,'2019-03-25');
INSERT INTO order_items VALUES(434,184,6,3,'2019-03-25');
INSERT INTO order_items VALUES(435,184,3,1,'2019-03-25');
INSERT INTO order_items VALUES(436,184,8,2,'2019-03-25');
INSERT INTO order_items VALUES(437,184,2,4,'2019-03-25');
INSERT INTO order_items VALUES(438,185,6,3,'2019-02-10');
INSERT INTO order_items VALUES(439,185,7,3,'2019-02-10');
INSERT INTO order_items VALUES(440,185,3,1,'2019-02-10');
INSERT INTO order_items VALUES(441,186,2,4,'2019-01-04');
INSERT INTO order_items VALUES(442,187,7,4,'2019-04-16');
INSERT INTO order_items VALUES(443,187,5,2,'2019-04-16');
INSERT INTO order_items VALUES(444,188,2,1,'2019-04-11');
INSERT INTO order_items VALUES(445,189,5,3,'2019-02-26');
INSERT INTO order_items VALUES(446,189,2,3,'2019-02-26');
INSERT INTO order_items VALUES(447,189,6,3,'2019-02-26');
INSERT INTO order_items VALUES(448,189,4,3,'2019-02-26');
INSERT INTO order_items VALUES(449,190,3,4,'2019-03-30');
INSERT INTO order_items VALUES(450,190,6,1,'2019-03-30');
INSERT INTO order_items VALUES(451,191,2,2,'2019-02-11');
INSERT INTO order_items VALUES(452,191,6,1,'2019-02-11');
INSERT INTO order_items VALUES(453,192,5,2,'2019-05-23');
INSERT INTO order_items VALUES(454,192,7,4,'2019-05-23');
INSERT INTO order_items VALUES(455,192,6,1,'2019-05-23');
INSERT INTO order_items VALUES(456,193,1,1,'2019-05-12');
INSERT INTO order_items VALUES(457,193,4,2,'2019-05-12');
INSERT INTO order_items VALUES(458,193,2,1,'2019-05-12');
INSERT INTO order_items VALUES(459,194,1,2,'2019-02-27');
INSERT INTO order_items VALUES(460,194,2,3,'2019-02-27');
INSERT INTO order_items VALUES(461,194,9,3,'2019-02-27');
INSERT INTO order_items VALUES(462,195,8,2,'2019-02-16');
INSERT INTO order_items VALUES(463,195,7,1,'2019-02-16');
INSERT INTO order_items VALUES(464,196,9,2,'2019-01-27');
INSERT INTO order_items VALUES(465,196,1,1,'2019-01-27');
INSERT INTO order_items VALUES(466,197,6,4,'2019-05-12');
INSERT INTO order_items VALUES(467,198,5,1,'2019-04-09');
INSERT INTO order_items VALUES(468,198,1,1,'2019-04-09');
INSERT INTO order_items VALUES(469,198,4,4,'2019-04-09');
INSERT INTO order_items VALUES(470,198,8,3,'2019-04-09');
INSERT INTO order_items VALUES(471,198,7,4,'2019-04-09');
INSERT INTO order_items VALUES(472,199,5,1,'2019-02-05');
INSERT INTO order_items VALUES(473,199,2,1,'2019-02-05');
INSERT INTO order_items VALUES(474,200,6,4,'2019-03-30');
INSERT INTO order_items VALUES(475,200,8,2,'2019-03-30');
INSERT INTO order_items VALUES(476,201,9,4,'2019-02-15');
INSERT INTO order_items VALUES(477,201,3,2,'2019-02-15');
INSERT INTO order_items VALUES(478,202,4,4,'2019-05-05');
INSERT INTO order_items VALUES(479,202,1,2,'2019-05-05');
INSERT INTO order_items VALUES(480,203,7,3,'2019-05-25');
INSERT INTO order_items VALUES(481,203,3,3,'2019-05-25');
INSERT INTO order_items VALUES(482,203,8,4,'2019-05-25');
INSERT INTO order_items VALUES(483,204,7,4,'2019-03-22');
INSERT INTO order_items VALUES(484,204,2,2,'2019-03-22');
INSERT INTO order_items VALUES(485,204,4,4,'2019-03-22');
INSERT INTO order_items VALUES(486,204,8,1,'2019-03-22');
INSERT INTO order_items VALUES(487,204,6,1,'2019-03-22');
INSERT INTO order_items VALUES(488,205,5,1,'2019-05-18');
INSERT INTO order_items VALUES(489,205,1,3,'2019-05-18');
INSERT INTO order_items VALUES(490,205,3,2,'2019-05-18');
INSERT INTO order_items VALUES(491,206,9,3,'2019-04-28');
INSERT INTO order_items VALUES(492,207,3,3,'2019-03-31');
INSERT INTO order_items VALUES(493,207,5,1,'2019-03-31');
INSERT INTO order_items VALUES(494,207,6,4,'2019-03-31');
INSERT INTO order_items VALUES(495,208,7,2,'2019-01-25');
INSERT INTO order_items VALUES(496,209,7,1,'2019-05-13');
INSERT INTO order_items VALUES(497,209,4,1,'2019-05-13');
INSERT INTO order_items VALUES(498,210,3,1,'2019-05-23');
INSERT INTO order_items VALUES(499,210,8,3,'2019-05-23');
INSERT INTO order_items VALUES(500,210,4,2,'2019-05-23');
INSERT INTO order_items VALUES(501,211,8,2,'2019-02-21');
INSERT INTO order_items VALUES(502,211,6,1,'2019-02-21');
INSERT INTO order_items VALUES(503,212,6,1,'2019-01-04');
INSERT INTO order_items VALUES(504,212,8,2,'2019-01-04');
INSERT INTO order_items VALUES(505,213,9,4,'2019-02-27');
INSERT INTO order_items VALUES(506,213,3,3,'2019-02-27');
INSERT INTO order_items VALUES(507,213,7,2,'2019-02-27');
INSERT INTO order_items VALUES(508,213,8,3,'2019-02-27');
INSERT INTO order_items VALUES(509,213,1,4,'2019-02-27');
INSERT INTO order_items VALUES(510,214,3,1,'2019-01-17');
INSERT INTO order_items VALUES(511,214,6,4,'2019-01-17');
INSERT INTO order_items VALUES(512,215,5,4,'2019-03-04');
INSERT INTO order_items VALUES(513,215,8,3,'2019-03-04');
INSERT INTO order_items VALUES(514,215,2,3,'2019-03-04');
INSERT INTO order_items VALUES(515,216,2,4,'2019-04-29');
INSERT INTO order_items VALUES(516,217,1,4,'2019-02-20');
INSERT INTO order_items VALUES(517,217,2,2,'2019-02-20');
INSERT INTO order_items VALUES(518,218,6,4,'2019-01-28');
INSERT INTO order_items VALUES(519,218,2,1,'2019-01-28');
INSERT INTO order_items VALUES(520,218,9,4,'2019-01-28');
INSERT INTO order_items VALUES(521,218,8,4,'2019-01-28');
INSERT INTO order_items VALUES(522,218,5,4,'2019-01-28');
INSERT INTO order_items VALUES(523,219,8,3,'2019-05-22');
INSERT INTO order_items VALUES(524,219,9,1,'2019-05-22');
INSERT INTO order_items VALUES(525,220,9,4,'2019-02-11');
INSERT INTO order_items VALUES(526,220,5,1,'2019-02-11');
INSERT INTO order_items VALUES(527,221,1,3,'2019-01-08');
INSERT INTO order_items VALUES(528,221,7,2,'2019-01-08');
INSERT INTO order_items VALUES(529,222,7,1,'2019-01-09');
INSERT INTO order_items VALUES(530,223,4,4,'2019-04-06');
INSERT INTO order_items VALUES(531,223,7,4,'2019-04-06');
INSERT INTO order_items VALUES(532,224,2,1,'2019-03-28');
INSERT INTO order_items VALUES(533,224,8,4,'2019-03-28');
INSERT INTO order_items VALUES(534,224,7,2,'2019-03-28');
INSERT INTO order_items VALUES(535,224,4,4,'2019-03-28');
INSERT INTO order_items VALUES(536,224,6,4,'2019-03-28');
INSERT INTO order_items VALUES(537,225,9,4,'2019-02-06');
INSERT INTO order_items VALUES(538,226,3,4,'2019-05-20');
INSERT INTO order_items VALUES(539,226,9,1,'2019-05-20');
INSERT INTO order_items VALUES(540,226,4,2,'2019-05-20');
INSERT INTO order_items VALUES(541,227,9,1,'2019-03-23');
INSERT INTO order_items VALUES(542,227,6,3,'2019-03-23');
INSERT INTO order_items VALUES(543,227,1,1,'2019-03-23');
INSERT INTO order_items VALUES(544,227,8,2,'2019-03-23');
INSERT INTO order_items VALUES(545,227,7,4,'2019-03-23');
INSERT INTO order_items VALUES(546,228,6,1,'2019-03-30');
INSERT INTO order_items VALUES(547,229,9,3,'2019-03-11');
INSERT INTO order_items VALUES(548,229,1,2,'2019-03-11');
INSERT INTO order_items VALUES(549,229,5,4,'2019-03-11');
INSERT INTO order_items VALUES(550,230,4,4,'2019-05-07');
INSERT INTO order_items VALUES(551,231,4,3,'2019-03-17');
INSERT INTO order_items VALUES(552,232,9,4,'2019-03-07');
INSERT INTO order_items VALUES(553,232,4,1,'2019-03-07');
INSERT INTO order_items VALUES(554,232,5,1,'2019-03-07');
INSERT INTO order_items VALUES(555,232,3,2,'2019-03-07');
INSERT INTO order_items VALUES(556,233,8,4,'2019-03-20');
INSERT INTO order_items VALUES(557,233,3,2,'2019-03-20');
INSERT INTO order_items VALUES(558,234,9,2,'2019-03-16');
INSERT INTO order_items VALUES(559,234,2,2,'2019-03-16');
INSERT INTO order_items VALUES(560,234,5,3,'2019-03-16');
INSERT INTO order_items VALUES(561,235,6,4,'2019-02-02');
INSERT INTO order_items VALUES(562,235,4,3,'2019-02-02');
INSERT INTO order_items VALUES(563,235,3,4,'2019-02-02');
INSERT INTO order_items VALUES(564,236,3,1,'2019-05-12');
INSERT INTO order_items VALUES(565,236,5,1,'2019-05-12');
INSERT INTO order_items VALUES(566,237,4,1,'2019-05-12');
INSERT INTO order_items VALUES(567,237,7,4,'2019-05-12');
INSERT INTO order_items VALUES(568,238,8,1,'2019-04-25');
INSERT INTO order_items VALUES(569,238,2,1,'2019-04-25');
INSERT INTO order_items VALUES(570,238,1,4,'2019-04-25');
INSERT INTO order_items VALUES(571,238,5,3,'2019-04-25');
INSERT INTO order_items VALUES(572,239,1,4,'2019-01-27');
INSERT INTO order_items VALUES(573,239,5,3,'2019-01-27');
INSERT INTO order_items VALUES(574,239,6,2,'2019-01-27');
INSERT INTO order_items VALUES(575,240,9,3,'2019-04-03');
INSERT INTO order_items VALUES(576,241,9,3,'2019-02-06');
INSERT INTO order_items VALUES(577,241,3,3,'2019-02-06');
INSERT INTO order_items VALUES(578,241,6,1,'2019-02-06');
INSERT INTO order_items VALUES(579,242,1,3,'2019-02-25');
INSERT INTO order_items VALUES(580,242,2,3,'2019-02-25');
INSERT INTO order_items VALUES(581,242,4,3,'2019-02-25');
INSERT INTO order_items VALUES(582,243,5,3,'2019-05-18');
INSERT INTO order_items VALUES(583,243,4,1,'2019-05-18');
INSERT INTO order_items VALUES(584,243,6,1,'2019-05-18');
INSERT INTO order_items VALUES(585,244,4,1,'2019-01-29');
INSERT INTO order_items VALUES(586,244,1,1,'2019-01-29');
INSERT INTO order_items VALUES(587,244,9,2,'2019-01-29');
INSERT INTO order_items VALUES(588,245,3,1,'2019-02-25');
INSERT INTO order_items VALUES(589,245,9,4,'2019-02-25');
INSERT INTO order_items VALUES(590,245,8,4,'2019-02-25');
INSERT INTO order_items VALUES(591,245,4,3,'2019-02-25');
INSERT INTO order_items VALUES(592,246,7,4,'2019-03-07');
INSERT INTO order_items VALUES(593,246,9,1,'2019-03-07');
INSERT INTO order_items VALUES(594,246,3,2,'2019-03-07');
INSERT INTO order_items VALUES(595,246,8,4,'2019-03-07');
INSERT INTO order_items VALUES(596,246,2,1,'2019-03-07');
INSERT INTO order_items VALUES(597,247,2,1,'2019-01-03');
INSERT INTO order_items VALUES(598,248,7,4,'2019-03-16');
INSERT INTO order_items VALUES(599,248,8,3,'2019-03-16');
INSERT INTO order_items VALUES(600,249,5,4,'2019-03-20');
INSERT INTO order_items VALUES(601,250,9,1,'2019-04-05');
INSERT INTO order_items VALUES(602,250,6,2,'2019-04-05');
INSERT INTO order_items VALUES(603,251,9,2,'2019-01-30');
INSERT INTO order_items VALUES(604,252,3,3,'2019-03-26');
INSERT INTO order_items VALUES(605,253,8,2,'2019-04-22');
INSERT INTO order_items VALUES(606,253,4,2,'2019-04-22');
INSERT INTO order_items VALUES(607,253,9,3,'2019-04-22');
INSERT INTO order_items VALUES(608,254,5,2,'2019-05-18');
INSERT INTO order_items VALUES(609,254,9,2,'2019-05-18');
INSERT INTO order_items VALUES(610,255,7,2,'2019-01-07');
INSERT INTO order_items VALUES(611,255,2,2,'2019-01-07');
INSERT INTO order_items VALUES(612,256,7,4,'2019-01-30');
INSERT INTO order_items VALUES(613,256,2,4,'2019-01-30');
INSERT INTO order_items VALUES(614,257,8,1,'2019-02-16');
INSERT INTO order_items VALUES(615,258,7,3,'2019-04-04');
INSERT INTO order_items VALUES(616,258,8,4,'2019-04-04');
INSERT INTO order_items VALUES(617,259,1,4,'2019-01-05');
INSERT INTO order_items VALUES(618,259,3,4,'2019-01-05');
INSERT INTO order_items VALUES(619,259,4,1,'2019-01-05');
INSERT INTO order_items VALUES(620,260,3,2,'2019-01-10');
INSERT INTO order_items VALUES(621,260,1,4,'2019-01-10');
INSERT INTO order_items VALUES(622,261,2,4,'2019-05-13');
INSERT INTO order_items VALUES(623,261,9,3,'2019-05-13');
INSERT INTO order_items VALUES(624,262,5,1,'2019-05-13');
INSERT INTO order_items VALUES(625,262,8,1,'2019-05-13');
INSERT INTO order_items VALUES(626,262,4,3,'2019-05-13');
INSERT INTO order_items VALUES(627,263,7,3,'2019-02-07');
INSERT INTO order_items VALUES(628,264,8,1,'2019-01-09');
INSERT INTO order_items VALUES(629,265,8,3,'2019-03-28');
INSERT INTO order_items VALUES(630,265,9,4,'2019-03-28');
INSERT INTO order_items VALUES(631,265,1,4,'2019-03-28');
INSERT INTO order_items VALUES(632,266,3,1,'2019-02-04');
INSERT INTO order_items VALUES(633,266,9,4,'2019-02-04');
INSERT INTO order_items VALUES(634,266,1,3,'2019-02-04');
INSERT INTO order_items VALUES(635,266,5,1,'2019-02-04');
INSERT INTO order_items VALUES(636,266,4,3,'2019-02-04');
INSERT INTO order_items VALUES(637,267,3,2,'2019-03-20');
INSERT INTO order_items VALUES(638,267,9,4,'2019-03-20');
INSERT INTO order_items VALUES(639,267,4,2,'2019-03-20');
INSERT INTO order_items VALUES(640,267,7,4,'2019-03-20');
INSERT INTO order_items VALUES(641,268,8,4,'2019-05-16');
INSERT INTO order_items VALUES(642,268,2,2,'2019-05-16');
INSERT INTO order_items VALUES(643,269,2,1,'2019-02-21');
INSERT INTO order_items VALUES(644,269,6,4,'2019-02-21');
INSERT INTO order_items VALUES(645,269,8,2,'2019-02-21');
INSERT INTO order_items VALUES(646,270,3,3,'2019-04-29');
INSERT INTO order_items VALUES(647,270,4,2,'2019-04-29');
INSERT INTO order_items VALUES(648,270,5,4,'2019-04-29');
INSERT INTO order_items VALUES(649,271,6,3,'2019-05-17');
INSERT INTO order_items VALUES(650,271,4,3,'2019-05-17');
INSERT INTO order_items VALUES(651,271,8,2,'2019-05-17');
INSERT INTO order_items VALUES(652,272,5,1,'2019-01-30');
INSERT INTO order_items VALUES(653,273,6,1,'2019-03-08');
INSERT INTO order_items VALUES(654,273,1,3,'2019-03-08');
INSERT INTO order_items VALUES(655,274,1,3,'2019-04-29');
INSERT INTO order_items VALUES(656,274,2,4,'2019-04-29');
INSERT INTO order_items VALUES(657,275,7,3,'2019-03-25');
INSERT INTO order_items VALUES(658,276,6,3,'2019-04-01');
INSERT INTO order_items VALUES(659,276,9,4,'2019-04-01');
INSERT INTO order_items VALUES(660,276,7,2,'2019-04-01');
INSERT INTO order_items VALUES(661,276,3,3,'2019-04-01');
INSERT INTO order_items VALUES(662,276,4,3,'2019-04-01');
INSERT INTO order_items VALUES(663,277,7,3,'2019-04-13');
INSERT INTO order_items VALUES(664,277,4,2,'2019-04-13');
INSERT INTO order_items VALUES(665,277,5,3,'2019-04-13');
INSERT INTO order_items VALUES(666,277,1,3,'2019-04-13');
INSERT INTO order_items VALUES(667,277,2,4,'2019-04-13');
INSERT INTO order_items VALUES(668,278,2,4,'2019-01-24');
INSERT INTO order_items VALUES(669,279,6,1,'2019-01-23');
INSERT INTO order_items VALUES(670,279,3,1,'2019-01-23');
INSERT INTO order_items VALUES(671,279,5,3,'2019-01-23');
INSERT INTO order_items VALUES(672,280,9,4,'2019-05-25');
INSERT INTO order_items VALUES(673,280,5,3,'2019-05-25');
INSERT INTO order_items VALUES(674,281,4,1,'2019-03-05');
INSERT INTO order_items VALUES(675,281,5,2,'2019-03-05');
INSERT INTO order_items VALUES(676,281,2,4,'2019-03-05');
INSERT INTO order_items VALUES(677,281,8,3,'2019-03-05');
INSERT INTO order_items VALUES(678,281,6,2,'2019-03-05');
INSERT INTO order_items VALUES(679,282,8,1,'2019-05-02');
INSERT INTO order_items VALUES(680,282,4,1,'2019-05-02');
INSERT INTO order_items VALUES(681,282,5,1,'2019-05-02');
INSERT INTO order_items VALUES(682,283,7,4,'2019-03-22');
INSERT INTO order_items VALUES(683,283,9,3,'2019-03-22');
INSERT INTO order_items VALUES(684,283,6,4,'2019-03-22');
INSERT INTO order_items VALUES(685,283,1,4,'2019-03-22');
INSERT INTO order_items VALUES(686,284,3,2,'2019-05-24');
INSERT INTO order_items VALUES(687,284,5,1,'2019-05-24');
INSERT INTO order_items VALUES(688,285,5,2,'2019-05-30');
INSERT INTO order_items VALUES(689,285,3,1,'2019-05-30');
INSERT INTO order_items VALUES(690,285,8,3,'2019-05-30');
INSERT INTO order_items VALUES(691,286,2,1,'2019-03-28');
INSERT INTO order_items VALUES(692,286,6,1,'2019-03-28');
INSERT INTO order_items VALUES(693,287,3,4,'2019-04-23');
INSERT INTO order_items VALUES(694,287,1,4,'2019-04-23');
INSERT INTO order_items VALUES(695,287,8,2,'2019-04-23');
INSERT INTO order_items VALUES(696,287,7,2,'2019-04-23');
INSERT INTO order_items VALUES(697,288,1,4,'2019-05-14');
INSERT INTO order_items VALUES(698,288,4,1,'2019-05-14');
INSERT INTO order_items VALUES(699,288,3,1,'2019-05-14');
INSERT INTO order_items VALUES(700,289,7,3,'2019-04-16');
INSERT INTO order_items VALUES(701,289,9,4,'2019-04-16');
INSERT INTO order_items VALUES(702,290,5,2,'2019-05-24');
INSERT INTO order_items VALUES(703,290,1,2,'2019-05-24');
INSERT INTO order_items VALUES(704,290,2,4,'2019-05-24');
INSERT INTO order_items VALUES(705,291,9,2,'2019-03-25');
INSERT INTO order_items VALUES(706,291,7,2,'2019-03-25');
INSERT INTO order_items VALUES(707,292,1,3,'2019-04-26');
INSERT INTO order_items VALUES(708,292,5,4,'2019-04-26');
INSERT INTO order_items VALUES(709,292,9,2,'2019-04-26');
INSERT INTO order_items VALUES(710,293,9,1,'2019-05-31');
INSERT INTO order_items VALUES(711,293,7,2,'2019-05-31');
INSERT INTO order_items VALUES(712,293,6,3,'2019-05-31');
INSERT INTO order_items VALUES(713,293,2,4,'2019-05-31');
INSERT INTO order_items VALUES(714,294,4,1,'2019-03-20');
INSERT INTO order_items VALUES(715,295,1,4,'2019-05-12');
INSERT INTO order_items VALUES(716,295,8,2,'2019-05-12');
INSERT INTO order_items VALUES(717,296,2,2,'2019-04-07');
INSERT INTO order_items VALUES(718,296,1,3,'2019-04-07');
INSERT INTO order_items VALUES(719,296,6,2,'2019-04-07');
INSERT INTO order_items VALUES(720,296,4,4,'2019-04-07');
INSERT INTO order_items VALUES(721,297,4,1,'2019-02-11');
INSERT INTO order_items VALUES(722,297,2,2,'2019-02-11');
INSERT INTO order_items VALUES(723,298,2,1,'2019-05-22');
INSERT INTO order_items VALUES(724,298,5,2,'2019-05-22');
INSERT INTO order_items VALUES(725,299,4,4,'2019-04-09');
INSERT INTO order_items VALUES(726,299,3,4,'2019-04-09');
INSERT INTO order_items VALUES(727,300,7,1,'2019-05-15');
INSERT INTO order_items VALUES(728,301,3,4,'2019-01-12');
INSERT INTO order_items VALUES(729,301,8,2,'2019-01-12');
INSERT INTO order_items VALUES(730,301,4,2,'2019-01-12');
INSERT INTO order_items VALUES(731,302,7,3,'2019-01-23');
INSERT INTO order_items VALUES(732,302,6,2,'2019-01-23');
INSERT INTO order_items VALUES(733,303,7,2,'2019-04-13');
INSERT INTO order_items VALUES(734,303,8,2,'2019-04-13');
INSERT INTO order_items VALUES(735,303,4,4,'2019-04-13');
INSERT INTO order_items VALUES(736,304,2,2,'2019-02-05');
INSERT INTO order_items VALUES(737,304,3,4,'2019-02-05');
INSERT INTO order_items VALUES(738,305,2,2,'2019-02-15');
INSERT INTO order_items VALUES(739,305,7,1,'2019-02-15');
INSERT INTO order_items VALUES(740,305,4,1,'2019-02-15');
INSERT INTO order_items VALUES(741,306,2,4,'2019-02-12');
INSERT INTO order_items VALUES(742,307,5,2,'2019-01-15');
INSERT INTO order_items VALUES(743,307,8,2,'2019-01-15');
INSERT INTO order_items VALUES(744,307,2,3,'2019-01-15');
INSERT INTO order_items VALUES(745,308,3,1,'2019-02-24');
INSERT INTO order_items VALUES(746,308,4,1,'2019-02-24');
INSERT INTO order_items VALUES(747,309,6,4,'2019-02-22');
INSERT INTO order_items VALUES(748,310,9,3,'2019-02-26');
INSERT INTO order_items VALUES(749,310,2,3,'2019-02-26');
INSERT INTO order_items VALUES(750,310,5,3,'2019-02-26');
INSERT INTO order_items VALUES(751,310,3,3,'2019-02-26');
INSERT INTO order_items VALUES(752,310,4,4,'2019-02-26');
INSERT INTO order_items VALUES(753,311,3,2,'2019-01-08');
INSERT INTO order_items VALUES(754,311,1,4,'2019-01-08');
INSERT INTO order_items VALUES(755,312,4,4,'2019-05-09');
INSERT INTO order_items VALUES(756,312,8,3,'2019-05-09');
INSERT INTO order_items VALUES(757,312,3,3,'2019-05-09');
INSERT INTO order_items VALUES(758,312,7,3,'2019-05-09');
INSERT INTO order_items VALUES(759,313,2,1,'2019-01-07');
INSERT INTO order_items VALUES(760,313,4,3,'2019-01-07');
INSERT INTO order_items VALUES(761,314,9,2,'2019-04-20');
INSERT INTO order_items VALUES(762,315,3,2,'2019-01-19');
INSERT INTO order_items VALUES(763,315,8,4,'2019-01-19');
INSERT INTO order_items VALUES(764,315,7,3,'2019-01-19');
INSERT INTO order_items VALUES(765,315,6,1,'2019-01-19');
INSERT INTO order_items VALUES(766,316,1,4,'2019-05-07');
INSERT INTO order_items VALUES(767,316,6,1,'2019-05-07');
INSERT INTO order_items VALUES(768,317,8,3,'2019-03-19');
INSERT INTO order_items VALUES(769,317,3,4,'2019-03-19');
INSERT INTO order_items VALUES(770,318,5,1,'2019-01-13');
INSERT INTO order_items VALUES(771,318,2,3,'2019-01-13');
INSERT INTO order_items VALUES(772,319,2,1,'2019-05-26');
INSERT INTO order_items VALUES(773,319,4,2,'2019-05-26');
INSERT INTO order_items VALUES(774,320,3,3,'2019-05-23');
INSERT INTO order_items VALUES(775,320,6,4,'2019-05-23');
INSERT INTO order_items VALUES(776,321,3,3,'2019-02-01');
INSERT INTO order_items VALUES(777,321,6,2,'2019-02-01');
INSERT INTO order_items VALUES(778,322,8,2,'2019-04-30');
INSERT INTO order_items VALUES(779,322,1,4,'2019-04-30');
INSERT INTO order_items VALUES(780,322,7,2,'2019-04-30');
INSERT INTO order_items VALUES(781,323,8,1,'2019-03-30');
INSERT INTO order_items VALUES(782,323,2,2,'2019-03-30');
INSERT INTO order_items VALUES(783,323,3,3,'2019-03-30');
INSERT INTO order_items VALUES(784,323,9,2,'2019-03-30');
INSERT INTO order_items VALUES(785,324,3,4,'2019-03-21');
INSERT INTO order_items VALUES(786,324,7,4,'2019-03-21');
INSERT INTO order_items VALUES(787,325,6,4,'2019-01-29');
INSERT INTO order_items VALUES(788,325,1,3,'2019-01-29');
INSERT INTO order_items VALUES(789,325,4,4,'2019-01-29');
INSERT INTO order_items VALUES(790,326,3,1,'2019-05-03');
INSERT INTO order_items VALUES(791,326,1,3,'2019-05-03');
INSERT INTO order_items VALUES(792,326,5,1,'2019-05-03');
INSERT INTO order_items VALUES(793,327,1,2,'2019-03-11');
INSERT INTO order_items VALUES(794,327,2,3,'2019-03-11');
INSERT INTO order_items VALUES(795,327,7,1,'2019-03-11');
INSERT INTO order_items VALUES(796,327,5,4,'2019-03-11');
INSERT INTO order_items VALUES(797,328,9,3,'2019-01-11');
INSERT INTO order_items VALUES(798,328,6,4,'2019-01-11');
INSERT INTO order_items VALUES(799,329,9,3,'2019-03-30');
INSERT INTO order_items VALUES(800,329,8,1,'2019-03-30');
INSERT INTO order_items VALUES(801,329,1,1,'2019-03-30');
INSERT INTO order_items VALUES(802,329,3,2,'2019-03-30');
INSERT INTO order_items VALUES(803,329,7,2,'2019-03-30');
INSERT INTO order_items VALUES(804,330,9,2,'2019-01-26');
INSERT INTO order_items VALUES(805,330,6,1,'2019-01-26');
INSERT INTO order_items VALUES(806,330,1,4,'2019-01-26');
INSERT INTO order_items VALUES(807,331,9,1,'2019-04-01');
INSERT INTO order_items VALUES(808,331,5,3,'2019-04-01');
INSERT INTO order_items VALUES(809,331,7,3,'2019-04-01');
INSERT INTO order_items VALUES(810,331,2,2,'2019-04-01');
INSERT INTO order_items VALUES(811,331,1,3,'2019-04-01');
INSERT INTO order_items VALUES(812,332,3,2,'2019-03-19');
INSERT INTO order_items VALUES(813,332,7,3,'2019-03-19');
INSERT INTO order_items VALUES(814,332,6,1,'2019-03-19');
INSERT INTO order_items VALUES(815,332,9,4,'2019-03-19');
INSERT INTO order_items VALUES(816,333,9,3,'2019-02-17');
INSERT INTO order_items VALUES(817,333,6,4,'2019-02-17');
INSERT INTO order_items VALUES(818,334,6,4,'2019-04-16');
INSERT INTO order_items VALUES(819,334,3,1,'2019-04-16');
INSERT INTO order_items VALUES(820,334,4,2,'2019-04-16');
INSERT INTO order_items VALUES(821,335,7,3,'2019-02-14');
INSERT INTO order_items VALUES(822,336,5,2,'2019-02-16');
INSERT INTO order_items VALUES(823,337,5,1,'2019-05-20');
INSERT INTO order_items VALUES(824,337,1,1,'2019-05-20');
INSERT INTO order_items VALUES(825,338,6,2,'2019-03-13');
INSERT INTO order_items VALUES(826,338,9,1,'2019-03-13');
INSERT INTO order_items VALUES(827,338,5,1,'2019-03-13');
INSERT INTO order_items VALUES(828,338,3,3,'2019-03-13');
INSERT INTO order_items VALUES(829,339,3,4,'2019-04-21');
INSERT INTO order_items VALUES(830,339,1,4,'2019-04-21');
INSERT INTO order_items VALUES(831,339,6,2,'2019-04-21');
INSERT INTO order_items VALUES(832,339,9,2,'2019-04-21');
INSERT INTO order_items VALUES(833,339,4,3,'2019-04-21');
INSERT INTO order_items VALUES(834,340,2,3,'2019-01-30');
INSERT INTO order_items VALUES(835,340,8,1,'2019-01-30');
INSERT INTO order_items VALUES(836,340,6,1,'2019-01-30');
INSERT INTO order_items VALUES(837,340,3,1,'2019-01-30');
INSERT INTO order_items VALUES(838,341,8,1,'2019-05-04');
INSERT INTO order_items VALUES(839,342,8,4,'2019-02-14');
INSERT INTO order_items VALUES(840,342,7,4,'2019-02-14');
INSERT INTO order_items VALUES(841,343,4,3,'2019-04-24');
INSERT INTO order_items VALUES(842,343,2,1,'2019-04-24');
INSERT INTO order_items VALUES(843,344,9,3,'2019-04-02');
INSERT INTO order_items VALUES(844,344,1,4,'2019-04-02');
INSERT INTO order_items VALUES(845,344,4,3,'2019-04-02');
INSERT INTO order_items VALUES(846,344,6,4,'2019-04-02');
INSERT INTO order_items VALUES(847,345,1,2,'2019-01-04');
INSERT INTO order_items VALUES(848,345,9,2,'2019-01-04');
INSERT INTO order_items VALUES(849,346,1,1,'2019-01-24');
INSERT INTO order_items VALUES(850,347,1,4,'2019-01-18');
INSERT INTO order_items VALUES(851,347,7,1,'2019-01-18');
INSERT INTO order_items VALUES(852,347,5,3,'2019-01-18');
INSERT INTO order_items VALUES(853,348,7,3,'2019-04-30');
INSERT INTO order_items VALUES(854,348,2,1,'2019-04-30');
INSERT INTO order_items VALUES(855,349,5,1,'2019-05-04');
INSERT INTO order_items VALUES(856,349,2,2,'2019-05-04');
INSERT INTO order_items VALUES(857,350,8,1,'2019-04-02');
INSERT INTO order_items VALUES(858,350,4,1,'2019-04-02');
INSERT INTO order_items VALUES(859,350,2,1,'2019-04-02');
INSERT INTO order_items VALUES(860,350,7,1,'2019-04-02');
INSERT INTO order_items VALUES(861,351,4,2,'2019-05-19');
INSERT INTO order_items VALUES(862,351,3,3,'2019-05-19');
INSERT INTO order_items VALUES(863,351,5,3,'2019-05-19');
INSERT INTO order_items VALUES(864,351,6,4,'2019-05-19');
INSERT INTO order_items VALUES(865,351,2,3,'2019-05-19');
INSERT INTO order_items VALUES(866,352,3,3,'2019-02-15');
INSERT INTO order_items VALUES(867,352,6,2,'2019-02-15');
INSERT INTO order_items VALUES(868,353,9,1,'2019-04-20');
INSERT INTO order_items VALUES(869,353,2,1,'2019-04-20');
INSERT INTO order_items VALUES(870,353,1,2,'2019-04-20');
INSERT INTO order_items VALUES(871,353,7,2,'2019-04-20');
INSERT INTO order_items VALUES(872,354,7,4,'2019-01-25');
INSERT INTO order_items VALUES(873,354,4,2,'2019-01-25');
INSERT INTO order_items VALUES(874,354,8,1,'2019-01-25');
INSERT INTO order_items VALUES(875,355,3,3,'2019-05-22');
INSERT INTO order_items VALUES(876,355,5,2,'2019-05-22');
INSERT INTO order_items VALUES(877,356,3,1,'2019-01-20');
INSERT INTO order_items VALUES(878,356,9,3,'2019-01-20');
INSERT INTO order_items VALUES(879,356,4,3,'2019-01-20');
INSERT INTO order_items VALUES(880,357,8,3,'2019-03-05');
INSERT INTO order_items VALUES(881,357,9,2,'2019-03-05');
INSERT INTO order_items VALUES(882,357,4,2,'2019-03-05');
INSERT INTO order_items VALUES(883,357,5,1,'2019-03-05');
INSERT INTO order_items VALUES(884,358,2,4,'2019-04-26');
INSERT INTO order_items VALUES(885,358,8,1,'2019-04-26');
INSERT INTO order_items VALUES(886,359,7,1,'2019-03-19');
INSERT INTO order_items VALUES(887,359,3,4,'2019-03-19');
INSERT INTO order_items VALUES(888,360,8,3,'2019-01-20');
INSERT INTO order_items VALUES(889,360,6,1,'2019-01-20');
INSERT INTO order_items VALUES(890,361,5,2,'2019-02-06');
INSERT INTO order_items VALUES(891,361,4,1,'2019-02-06');
INSERT INTO order_items VALUES(892,361,2,2,'2019-02-06');
INSERT INTO order_items VALUES(893,361,6,4,'2019-02-06');
INSERT INTO order_items VALUES(894,362,3,4,'2019-01-29');
INSERT INTO order_items VALUES(895,362,6,4,'2019-01-29');
INSERT INTO order_items VALUES(896,362,5,1,'2019-01-29');
INSERT INTO order_items VALUES(897,362,4,2,'2019-01-29');
INSERT INTO order_items VALUES(898,362,1,4,'2019-01-29');
INSERT INTO order_items VALUES(899,363,6,2,'2019-03-21');
INSERT INTO order_items VALUES(900,363,1,4,'2019-03-21');
INSERT INTO order_items VALUES(901,364,9,2,'2019-01-12');
INSERT INTO order_items VALUES(902,365,6,4,'2019-04-18');
INSERT INTO order_items VALUES(903,365,3,3,'2019-04-18');
INSERT INTO order_items VALUES(904,365,5,3,'2019-04-18');
INSERT INTO order_items VALUES(905,365,9,4,'2019-04-18');
INSERT INTO order_items VALUES(906,366,4,3,'2019-01-25');
INSERT INTO order_items VALUES(907,366,6,2,'2019-01-25');
INSERT INTO order_items VALUES(908,367,3,4,'2019-05-16');
INSERT INTO order_items VALUES(909,368,6,2,'2019-05-17');
INSERT INTO order_items VALUES(910,369,8,1,'2019-04-30');
INSERT INTO order_items VALUES(911,369,1,3,'2019-04-30');
INSERT INTO order_items VALUES(912,370,3,1,'2019-02-06');
INSERT INTO order_items VALUES(913,370,6,2,'2019-02-06');
INSERT INTO order_items VALUES(914,371,8,4,'2019-01-06');
INSERT INTO order_items VALUES(915,371,6,4,'2019-01-06');
INSERT INTO order_items VALUES(916,371,7,3,'2019-01-06');
INSERT INTO order_items VALUES(917,372,3,3,'2019-03-28');
INSERT INTO order_items VALUES(918,373,2,4,'2019-01-09');
INSERT INTO order_items VALUES(919,373,8,2,'2019-01-09');
INSERT INTO order_items VALUES(920,373,7,2,'2019-01-09');
INSERT INTO order_items VALUES(921,374,6,3,'2019-03-07');
INSERT INTO order_items VALUES(922,374,1,3,'2019-03-07');
INSERT INTO order_items VALUES(923,374,9,1,'2019-03-07');
INSERT INTO order_items VALUES(924,375,6,1,'2019-05-29');
INSERT INTO order_items VALUES(925,376,6,1,'2019-04-02');
INSERT INTO order_items VALUES(926,376,2,3,'2019-04-02');
INSERT INTO order_items VALUES(927,376,9,3,'2019-04-02');
INSERT INTO order_items VALUES(928,377,6,1,'2019-03-13');
INSERT INTO order_items VALUES(929,377,1,2,'2019-03-13');
INSERT INTO order_items VALUES(930,377,3,2,'2019-03-13');
INSERT INTO order_items VALUES(931,377,9,2,'2019-03-13');
INSERT INTO order_items VALUES(932,377,7,3,'2019-03-13');
INSERT INTO order_items VALUES(933,378,4,1,'2019-01-15');
INSERT INTO order_items VALUES(934,379,9,4,'2019-04-09');
INSERT INTO order_items VALUES(935,379,1,3,'2019-04-09');
INSERT INTO order_items VALUES(936,380,7,3,'2019-05-08');
INSERT INTO order_items VALUES(937,381,7,3,'2019-01-08');
INSERT INTO order_items VALUES(938,382,2,2,'2019-04-01');
INSERT INTO order_items VALUES(939,382,8,4,'2019-04-01');
INSERT INTO order_items VALUES(940,383,4,2,'2019-01-11');
INSERT INTO order_items VALUES(941,383,5,3,'2019-01-11');
INSERT INTO order_items VALUES(942,383,2,1,'2019-01-11');
INSERT INTO order_items VALUES(943,383,1,4,'2019-01-11');
INSERT INTO order_items VALUES(944,383,7,2,'2019-01-11');
INSERT INTO order_items VALUES(945,384,1,2,'2019-01-06');
INSERT INTO order_items VALUES(946,385,1,4,'2019-01-31');
INSERT INTO order_items VALUES(947,385,6,1,'2019-01-31');
INSERT INTO order_items VALUES(948,385,7,2,'2019-01-31');
INSERT INTO order_items VALUES(949,385,4,2,'2019-01-31');
INSERT INTO order_items VALUES(950,386,7,3,'2019-02-11');
INSERT INTO order_items VALUES(951,386,6,3,'2019-02-11');
INSERT INTO order_items VALUES(952,386,3,4,'2019-02-11');
INSERT INTO order_items VALUES(953,387,7,1,'2019-04-20');
INSERT INTO order_items VALUES(954,387,6,4,'2019-04-20');
INSERT INTO order_items VALUES(955,387,3,3,'2019-04-20');
INSERT INTO order_items VALUES(956,387,8,4,'2019-04-20');
INSERT INTO order_items VALUES(957,388,2,1,'2019-04-10');
INSERT INTO order_items VALUES(958,389,7,1,'2019-01-07');
INSERT INTO order_items VALUES(959,390,7,4,'2019-03-10');
INSERT INTO order_items VALUES(960,390,8,1,'2019-03-10');
INSERT INTO order_items VALUES(961,390,4,3,'2019-03-10');
INSERT INTO order_items VALUES(962,390,5,3,'2019-03-10');
INSERT INTO order_items VALUES(963,391,1,1,'2019-03-02');
INSERT INTO order_items VALUES(964,391,9,3,'2019-03-02');
INSERT INTO order_items VALUES(965,392,8,4,'2019-02-02');
INSERT INTO order_items VALUES(966,392,6,2,'2019-02-02');
INSERT INTO order_items VALUES(967,392,4,2,'2019-02-02');
INSERT INTO order_items VALUES(968,392,1,2,'2019-02-02');
INSERT INTO order_items VALUES(969,392,7,2,'2019-02-02');
INSERT INTO order_items VALUES(970,393,4,3,'2019-05-08');
INSERT INTO order_items VALUES(971,394,2,2,'2019-04-16');
INSERT INTO order_items VALUES(972,394,3,2,'2019-04-16');
INSERT INTO order_items VALUES(973,394,8,3,'2019-04-16');
INSERT INTO order_items VALUES(974,395,3,3,'2019-04-23');
INSERT INTO order_items VALUES(975,395,8,2,'2019-04-23');
INSERT INTO order_items VALUES(976,396,3,1,'2019-05-30');
INSERT INTO order_items VALUES(977,396,1,2,'2019-05-30');
INSERT INTO order_items VALUES(978,396,8,2,'2019-05-30');
INSERT INTO order_items VALUES(979,396,4,2,'2019-05-30');
INSERT INTO order_items VALUES(980,396,6,2,'2019-05-30');
INSERT INTO order_items VALUES(981,397,4,2,'2019-05-11');
INSERT INTO order_items VALUES(982,397,8,1,'2019-05-11');
INSERT INTO order_items VALUES(983,397,1,1,'2019-05-11');
INSERT INTO order_items VALUES(984,397,7,2,'2019-05-11');
INSERT INTO order_items VALUES(985,397,2,3,'2019-05-11');
INSERT INTO order_items VALUES(986,398,6,1,'2019-02-03');
INSERT INTO order_items VALUES(987,398,7,1,'2019-02-03');
INSERT INTO order_items VALUES(988,398,2,2,'2019-02-03');
INSERT INTO order_items VALUES(989,399,1,1,'2019-04-17');
INSERT INTO order_items VALUES(990,399,8,4,'2019-04-17');
INSERT INTO order_items VALUES(991,400,7,4,'2019-04-08');
INSERT INTO order_items VALUES(992,401,5,3,'2019-01-03');
INSERT INTO order_items VALUES(993,401,2,3,'2019-01-03');
INSERT INTO order_items VALUES(994,401,7,3,'2019-01-03');
INSERT INTO order_items VALUES(995,401,4,4,'2019-01-03');
INSERT INTO order_items VALUES(996,401,6,3,'2019-01-03');
INSERT INTO order_items VALUES(997,402,2,4,'2019-01-24');
INSERT INTO order_items VALUES(998,402,1,3,'2019-01-24');
INSERT INTO order_items VALUES(999,402,8,4,'2019-01-24');
INSERT INTO order_items VALUES(1000,402,3,3,'2019-01-24');
INSERT INTO order_items VALUES(1001,403,3,4,'2019-02-26');
INSERT INTO order_items VALUES(1002,404,9,1,'2019-04-13');
INSERT INTO order_items VALUES(1003,404,7,2,'2019-04-13');
INSERT INTO order_items VALUES(1004,404,6,2,'2019-04-13');
INSERT INTO order_items VALUES(1005,405,4,4,'2019-03-25');
INSERT INTO order_items VALUES(1006,405,9,3,'2019-03-25');
INSERT INTO order_items VALUES(1007,406,9,3,'2019-05-14');
INSERT INTO order_items VALUES(1008,406,6,3,'2019-05-14');
INSERT INTO order_items VALUES(1009,406,3,1,'2019-05-14');
INSERT INTO order_items VALUES(1010,407,1,2,'2019-05-09');
INSERT INTO order_items VALUES(1011,407,5,1,'2019-05-09');
INSERT INTO order_items VALUES(1012,408,7,2,'2019-03-03');
INSERT INTO order_items VALUES(1013,408,8,4,'2019-03-03');
INSERT INTO order_items VALUES(1014,409,1,4,'2019-05-13');
INSERT INTO order_items VALUES(1015,409,3,2,'2019-05-13');
INSERT INTO order_items VALUES(1016,409,8,3,'2019-05-13');
INSERT INTO order_items VALUES(1017,410,8,2,'2019-03-13');
INSERT INTO order_items VALUES(1018,411,9,4,'2019-01-22');
INSERT INTO order_items VALUES(1019,412,9,2,'2019-04-02');
INSERT INTO order_items VALUES(1020,413,4,2,'2019-04-25');
INSERT INTO order_items VALUES(1021,413,8,4,'2019-04-25');
INSERT INTO order_items VALUES(1022,413,3,4,'2019-04-25');
INSERT INTO order_items VALUES(1023,413,9,2,'2019-04-25');
INSERT INTO order_items VALUES(1024,413,6,2,'2019-04-25');
INSERT INTO order_items VALUES(1025,414,7,4,'2019-04-16');
INSERT INTO order_items VALUES(1026,414,9,1,'2019-04-16');
INSERT INTO order_items VALUES(1027,414,1,4,'2019-04-16');
INSERT INTO order_items VALUES(1028,415,4,3,'2019-03-01');
INSERT INTO order_items VALUES(1029,415,2,3,'2019-03-01');
INSERT INTO order_items VALUES(1030,416,5,2,'2019-03-30');
INSERT INTO order_items VALUES(1031,416,2,3,'2019-03-30');
INSERT INTO order_items VALUES(1032,416,3,2,'2019-03-30');
INSERT INTO order_items VALUES(1033,417,9,4,'2019-03-28');
INSERT INTO order_items VALUES(1034,417,1,1,'2019-03-28');
INSERT INTO order_items VALUES(1035,418,8,2,'2019-03-15');
INSERT INTO order_items VALUES(1036,418,5,1,'2019-03-15');
INSERT INTO order_items VALUES(1037,419,1,1,'2019-05-07');
INSERT INTO order_items VALUES(1038,420,4,2,'2019-02-14');
INSERT INTO order_items VALUES(1039,421,4,3,'2019-04-17');
INSERT INTO order_items VALUES(1040,421,9,3,'2019-04-17');
INSERT INTO order_items VALUES(1041,422,2,1,'2019-02-20');
INSERT INTO order_items VALUES(1042,422,8,1,'2019-02-20');
INSERT INTO order_items VALUES(1043,422,5,1,'2019-02-20');
INSERT INTO order_items VALUES(1044,423,8,3,'2019-04-22');
INSERT INTO order_items VALUES(1045,423,6,4,'2019-04-22');
INSERT INTO order_items VALUES(1046,423,7,1,'2019-04-22');
INSERT INTO order_items VALUES(1047,424,9,1,'2019-02-19');
INSERT INTO order_items VALUES(1048,424,8,3,'2019-02-19');
INSERT INTO order_items VALUES(1049,424,5,1,'2019-02-19');
INSERT INTO order_items VALUES(1050,425,4,4,'2019-05-15');
INSERT INTO order_items VALUES(1051,425,7,3,'2019-05-15');
INSERT INTO order_items VALUES(1052,426,6,4,'2019-03-14');
INSERT INTO order_items VALUES(1053,426,3,3,'2019-03-14');
INSERT INTO order_items VALUES(1054,426,2,3,'2019-03-14');
INSERT INTO order_items VALUES(1055,427,8,1,'2019-01-08');
INSERT INTO order_items VALUES(1056,427,6,3,'2019-01-08');
INSERT INTO order_items VALUES(1057,427,7,1,'2019-01-08');
INSERT INTO order_items VALUES(1058,428,9,1,'2019-05-25');
INSERT INTO order_items VALUES(1059,428,2,1,'2019-05-25');
INSERT INTO order_items VALUES(1060,429,3,3,'2019-02-01');
INSERT INTO order_items VALUES(1061,429,6,2,'2019-02-01');
INSERT INTO order_items VALUES(1062,429,8,3,'2019-02-01');
INSERT INTO order_items VALUES(1063,430,7,3,'2019-02-18');
INSERT INTO order_items VALUES(1064,430,1,4,'2019-02-18');
INSERT INTO order_items VALUES(1065,430,6,1,'2019-02-18');
INSERT INTO order_items VALUES(1066,431,4,3,'2019-04-25');
INSERT INTO order_items VALUES(1067,431,9,2,'2019-04-25');
INSERT INTO order_items VALUES(1068,432,4,3,'2019-02-12');
INSERT INTO order_items VALUES(1069,432,6,2,'2019-02-12');
INSERT INTO order_items VALUES(1070,432,2,1,'2019-02-12');
INSERT INTO order_items VALUES(1071,433,5,1,'2019-03-31');
INSERT INTO order_items VALUES(1072,433,6,2,'2019-03-31');
INSERT INTO order_items VALUES(1073,433,4,4,'2019-03-31');
INSERT INTO order_items VALUES(1074,434,5,2,'2019-03-30');
INSERT INTO order_items VALUES(1075,434,1,2,'2019-03-30');
INSERT INTO order_items VALUES(1076,434,3,2,'2019-03-30');
INSERT INTO order_items VALUES(1077,435,6,4,'2019-01-29');
INSERT INTO order_items VALUES(1078,435,5,4,'2019-01-29');
INSERT INTO order_items VALUES(1079,436,4,1,'2019-02-09');
INSERT INTO order_items VALUES(1080,436,5,1,'2019-02-09');
INSERT INTO order_items VALUES(1081,437,7,2,'2019-03-08');
INSERT INTO order_items VALUES(1082,437,4,2,'2019-03-08');
INSERT INTO order_items VALUES(1083,438,6,3,'2019-02-12');
INSERT INTO order_items VALUES(1084,438,4,1,'2019-02-12');
INSERT INTO order_items VALUES(1085,438,1,2,'2019-02-12');
INSERT INTO order_items VALUES(1086,438,7,1,'2019-02-12');
INSERT INTO order_items VALUES(1087,439,9,2,'2019-03-05');
INSERT INTO order_items VALUES(1088,440,6,1,'2019-05-29');
INSERT INTO order_items VALUES(1089,440,3,3,'2019-05-29');
INSERT INTO order_items VALUES(1090,441,9,4,'2019-01-25');
INSERT INTO order_items VALUES(1091,441,5,4,'2019-01-25');
INSERT INTO order_items VALUES(1092,442,3,4,'2019-02-18');
INSERT INTO order_items VALUES(1093,442,8,4,'2019-02-18');
INSERT INTO order_items VALUES(1094,442,1,3,'2019-02-18');
INSERT INTO order_items VALUES(1095,442,6,2,'2019-02-18');
INSERT INTO order_items VALUES(1096,442,7,2,'2019-02-18');
INSERT INTO order_items VALUES(1097,443,7,4,'2019-05-30');
INSERT INTO order_items VALUES(1098,444,9,1,'2019-04-01');
INSERT INTO order_items VALUES(1099,444,4,3,'2019-04-01');
INSERT INTO order_items VALUES(1100,444,3,1,'2019-04-01');
INSERT INTO order_items VALUES(1101,445,9,4,'2019-02-16');
INSERT INTO order_items VALUES(1102,445,2,4,'2019-02-16');
INSERT INTO order_items VALUES(1103,446,8,1,'2019-04-26');
INSERT INTO order_items VALUES(1104,446,7,4,'2019-04-26');
INSERT INTO order_items VALUES(1105,447,5,2,'2019-03-16');
INSERT INTO order_items VALUES(1106,447,4,2,'2019-03-16');
INSERT INTO order_items VALUES(1107,448,6,1,'2019-04-23');
INSERT INTO order_items VALUES(1108,448,5,2,'2019-04-23');
INSERT INTO order_items VALUES(1109,449,5,2,'2019-01-10');
INSERT INTO order_items VALUES(1110,449,2,1,'2019-01-10');
INSERT INTO order_items VALUES(1111,450,5,4,'2019-03-22');
INSERT INTO order_items VALUES(1112,451,3,3,'2019-03-07');
INSERT INTO order_items VALUES(1113,452,2,4,'2019-03-23');
INSERT INTO order_items VALUES(1114,452,5,4,'2019-03-23');
INSERT INTO order_items VALUES(1115,452,3,3,'2019-03-23');
INSERT INTO order_items VALUES(1116,452,7,4,'2019-03-23');
INSERT INTO order_items VALUES(1117,452,4,3,'2019-03-23');
INSERT INTO order_items VALUES(1118,453,5,4,'2019-05-07');
INSERT INTO order_items VALUES(1119,454,3,3,'2019-03-20');
INSERT INTO order_items VALUES(1120,455,2,4,'2019-01-28');
INSERT INTO order_items VALUES(1121,455,1,2,'2019-01-28');
INSERT INTO order_items VALUES(1122,455,4,2,'2019-01-28');
INSERT INTO order_items VALUES(1123,456,8,4,'2019-03-01');
INSERT INTO order_items VALUES(1124,456,6,3,'2019-03-01');
INSERT INTO order_items VALUES(1125,456,1,1,'2019-03-01');
INSERT INTO order_items VALUES(1126,457,4,1,'2019-04-27');
INSERT INTO order_items VALUES(1127,457,7,3,'2019-04-27');
INSERT INTO order_items VALUES(1128,457,5,4,'2019-04-27');
INSERT INTO order_items VALUES(1129,457,3,4,'2019-04-27');
INSERT INTO order_items VALUES(1130,458,9,2,'2019-02-15');
INSERT INTO order_items VALUES(1131,458,6,2,'2019-02-15');
INSERT INTO order_items VALUES(1132,459,7,1,'2019-01-29');
INSERT INTO order_items VALUES(1133,459,8,1,'2019-01-29');
INSERT INTO order_items VALUES(1134,460,5,1,'2019-02-07');
INSERT INTO order_items VALUES(1135,460,4,3,'2019-02-07');
INSERT INTO order_items VALUES(1136,461,4,1,'2019-01-05');
INSERT INTO order_items VALUES(1137,461,8,4,'2019-01-05');
INSERT INTO order_items VALUES(1138,462,2,4,'2019-01-22');
INSERT INTO order_items VALUES(1139,463,2,1,'2019-01-23');
INSERT INTO order_items VALUES(1140,463,3,3,'2019-01-23');
INSERT INTO order_items VALUES(1141,463,7,2,'2019-01-23');
INSERT INTO order_items VALUES(1142,463,6,1,'2019-01-23');
INSERT INTO order_items VALUES(1143,464,8,4,'2019-01-15');
INSERT INTO order_items VALUES(1144,464,3,4,'2019-01-15');
INSERT INTO order_items VALUES(1145,464,6,1,'2019-01-15');
INSERT INTO order_items VALUES(1146,464,2,4,'2019-01-15');
INSERT INTO order_items VALUES(1147,464,4,3,'2019-01-15');
INSERT INTO order_items VALUES(1148,465,5,3,'2019-04-03');
INSERT INTO order_items VALUES(1149,465,1,4,'2019-04-03');
INSERT INTO order_items VALUES(1150,465,2,2,'2019-04-03');
INSERT INTO order_items VALUES(1151,466,9,1,'2019-01-30');
INSERT INTO order_items VALUES(1152,466,4,2,'2019-01-30');
INSERT INTO order_items VALUES(1153,466,1,2,'2019-01-30');
INSERT INTO order_items VALUES(1154,467,7,3,'2019-04-10');
INSERT INTO order_items VALUES(1155,467,6,3,'2019-04-10');
INSERT INTO order_items VALUES(1156,467,2,2,'2019-04-10');
INSERT INTO order_items VALUES(1157,467,8,1,'2019-04-10');
INSERT INTO order_items VALUES(1158,467,3,3,'2019-04-10');
INSERT INTO order_items VALUES(1159,468,3,2,'2019-04-19');
INSERT INTO order_items VALUES(1160,469,4,2,'2019-02-11');
INSERT INTO order_items VALUES(1161,469,5,1,'2019-02-11');
INSERT INTO order_items VALUES(1162,470,9,4,'2019-01-07');
INSERT INTO order_items VALUES(1163,470,7,4,'2019-01-07');
INSERT INTO order_items VALUES(1164,471,1,4,'2019-01-02');
INSERT INTO order_items VALUES(1165,471,2,3,'2019-01-02');
INSERT INTO order_items VALUES(1166,471,7,2,'2019-01-02');
INSERT INTO order_items VALUES(1167,472,5,4,'2019-01-10');
INSERT INTO order_items VALUES(1168,472,9,2,'2019-01-10');
INSERT INTO order_items VALUES(1169,472,3,1,'2019-01-10');
INSERT INTO order_items VALUES(1170,473,2,4,'2019-04-22');
INSERT INTO order_items VALUES(1171,473,1,4,'2019-04-22');
INSERT INTO order_items VALUES(1172,473,4,4,'2019-04-22');
INSERT INTO order_items VALUES(1173,473,3,2,'2019-04-22');
INSERT INTO order_items VALUES(1174,474,8,3,'2019-05-08');
INSERT INTO order_items VALUES(1175,474,2,3,'2019-05-08');
INSERT INTO order_items VALUES(1176,475,2,2,'2019-04-17');
INSERT INTO order_items VALUES(1177,475,1,2,'2019-04-17');
INSERT INTO order_items VALUES(1178,476,7,4,'2019-01-21');
INSERT INTO order_items VALUES(1179,476,8,4,'2019-01-21');
INSERT INTO order_items VALUES(1180,476,6,4,'2019-01-21');
INSERT INTO order_items VALUES(1181,477,2,2,'2019-01-04');
INSERT INTO order_items VALUES(1182,477,5,2,'2019-01-04');
INSERT INTO order_items VALUES(1183,477,1,4,'2019-01-04');
INSERT INTO order_items VALUES(1184,477,3,3,'2019-01-04');
INSERT INTO order_items VALUES(1185,477,7,2,'2019-01-04');
INSERT INTO order_items VALUES(1186,478,7,2,'2019-05-30');
INSERT INTO order_items VALUES(1187,478,1,1,'2019-05-30');
INSERT INTO order_items VALUES(1188,479,9,3,'2019-01-21');
INSERT INTO order_items VALUES(1189,479,8,1,'2019-01-21');
INSERT INTO order_items VALUES(1190,480,2,2,'2019-03-13');
INSERT INTO order_items VALUES(1191,480,4,4,'2019-03-13');
INSERT INTO order_items VALUES(1192,480,6,2,'2019-03-13');
INSERT INTO order_items VALUES(1193,481,8,1,'2019-05-13');
INSERT INTO order_items VALUES(1194,481,4,3,'2019-05-13');
INSERT INTO order_items VALUES(1195,481,6,2,'2019-05-13');
INSERT INTO order_items VALUES(1196,482,5,4,'2019-03-01');
INSERT INTO order_items VALUES(1197,482,8,4,'2019-03-01');
INSERT INTO order_items VALUES(1198,483,4,3,'2019-01-24');
INSERT INTO order_items VALUES(1199,483,7,4,'2019-01-24');
INSERT INTO order_items VALUES(1200,483,2,2,'2019-01-24');
INSERT INTO order_items VALUES(1201,484,7,3,'2019-05-03');
INSERT INTO order_items VALUES(1202,484,2,3,'2019-05-03');
INSERT INTO order_items VALUES(1203,485,2,4,'2019-02-18');
INSERT INTO order_items VALUES(1204,485,3,1,'2019-02-18');
INSERT INTO order_items VALUES(1205,486,3,4,'2019-05-28');
INSERT INTO order_items VALUES(1206,486,9,3,'2019-05-28');
INSERT INTO order_items VALUES(1207,486,4,4,'2019-05-28');
INSERT INTO order_items VALUES(1208,486,7,4,'2019-05-28');
INSERT INTO order_items VALUES(1209,486,8,4,'2019-05-28');
INSERT INTO order_items VALUES(1210,487,1,1,'2019-02-12');
INSERT INTO order_items VALUES(1211,487,7,1,'2019-02-12');
INSERT INTO order_items VALUES(1212,487,4,1,'2019-02-12');
INSERT INTO order_items VALUES(1213,487,6,2,'2019-02-12');
INSERT INTO order_items VALUES(1214,487,5,2,'2019-02-12');
INSERT INTO order_items VALUES(1215,488,4,2,'2019-02-16');
INSERT INTO order_items VALUES(1216,489,4,3,'2019-02-17');
INSERT INTO order_items VALUES(1217,489,8,4,'2019-02-17');
INSERT INTO order_items VALUES(1218,490,5,4,'2019-05-04');
INSERT INTO order_items VALUES(1219,491,4,1,'2019-05-05');
INSERT INTO order_items VALUES(1220,491,6,1,'2019-05-05');
INSERT INTO order_items VALUES(1221,492,2,4,'2019-05-12');
INSERT INTO order_items VALUES(1222,493,7,1,'2019-04-03');
INSERT INTO order_items VALUES(1223,494,7,3,'2019-02-21');
INSERT INTO order_items VALUES(1224,494,2,3,'2019-02-21');
INSERT INTO order_items VALUES(1225,494,6,4,'2019-02-21');
INSERT INTO order_items VALUES(1226,494,5,4,'2019-02-21');
INSERT INTO order_items VALUES(1227,494,9,3,'2019-02-21');
INSERT INTO order_items VALUES(1228,495,1,3,'2019-05-23');
INSERT INTO order_items VALUES(1229,495,5,1,'2019-05-23');
INSERT INTO order_items VALUES(1230,496,5,1,'2019-01-30');
INSERT INTO order_items VALUES(1231,496,1,3,'2019-01-30');
INSERT INTO order_items VALUES(1232,496,6,1,'2019-01-30');
INSERT INTO order_items VALUES(1233,497,3,2,'2019-03-07');
INSERT INTO order_items VALUES(1234,497,7,2,'2019-03-07');
INSERT INTO order_items VALUES(1235,498,9,3,'2019-01-30');
INSERT INTO order_items VALUES(1236,498,7,1,'2019-01-30');
INSERT INTO order_items VALUES(1237,498,6,3,'2019-01-30');
INSERT INTO order_items VALUES(1238,499,7,1,'2019-02-09');
INSERT INTO order_items VALUES(1239,499,4,4,'2019-02-09');
INSERT INTO order_items VALUES(1240,499,2,1,'2019-02-09');
INSERT INTO order_items VALUES(1241,499,5,2,'2019-02-09');
INSERT INTO order_items VALUES(1242,500,7,2,'2019-01-03');
INSERT INTO order_items VALUES(1243,500,9,3,'2019-01-03');
INSERT INTO order_items VALUES(1244,500,3,2,'2019-01-03');
INSERT INTO order_items VALUES(1245,500,5,4,'2019-01-03');
INSERT INTO order_items VALUES(1246,500,6,1,'2019-01-03');
INSERT INTO order_items VALUES(1247,501,8,3,'2019-05-03');
INSERT INTO order_items VALUES(1248,501,1,3,'2019-05-03');
INSERT INTO order_items VALUES(1249,502,2,1,'2019-01-13');
INSERT INTO order_items VALUES(1250,502,8,1,'2019-01-13');
INSERT INTO order_items VALUES(1251,502,6,2,'2019-01-13');
INSERT INTO order_items VALUES(1252,502,4,2,'2019-01-13');
INSERT INTO order_items VALUES(1253,502,1,3,'2019-01-13');
INSERT INTO order_items VALUES(1254,503,3,1,'2019-01-05');
INSERT INTO order_items VALUES(1255,504,1,1,'2019-01-15');
INSERT INTO order_items VALUES(1256,504,4,2,'2019-01-15');
INSERT INTO order_items VALUES(1257,504,2,3,'2019-01-15');
INSERT INTO order_items VALUES(1258,504,8,4,'2019-01-15');
INSERT INTO order_items VALUES(1259,504,3,3,'2019-01-15');
INSERT INTO order_items VALUES(1260,505,4,4,'2019-03-18');
INSERT INTO order_items VALUES(1261,505,1,3,'2019-03-18');
INSERT INTO order_items VALUES(1262,506,2,1,'2019-03-20');
INSERT INTO order_items VALUES(1263,506,8,4,'2019-03-20');
INSERT INTO order_items VALUES(1264,506,9,1,'2019-03-20');
INSERT INTO order_items VALUES(1265,506,4,4,'2019-03-20');
INSERT INTO order_items VALUES(1266,506,5,3,'2019-03-20');
INSERT INTO order_items VALUES(1267,507,6,2,'2019-02-03');
INSERT INTO order_items VALUES(1268,507,2,2,'2019-02-03');
INSERT INTO order_items VALUES(1269,507,1,1,'2019-02-03');
INSERT INTO order_items VALUES(1270,508,2,2,'2019-05-21');
INSERT INTO order_items VALUES(1271,508,1,1,'2019-05-21');
INSERT INTO order_items VALUES(1272,508,8,2,'2019-05-21');
INSERT INTO order_items VALUES(1273,509,7,1,'2019-05-07');
INSERT INTO order_items VALUES(1274,509,6,4,'2019-05-07');
INSERT INTO order_items VALUES(1275,509,5,3,'2019-05-07');
INSERT INTO order_items VALUES(1276,509,3,1,'2019-05-07');
INSERT INTO order_items VALUES(1277,510,9,3,'2019-03-07');
INSERT INTO order_items VALUES(1278,510,8,2,'2019-03-07');
INSERT INTO order_items VALUES(1279,511,8,4,'2019-05-30');
INSERT INTO order_items VALUES(1280,511,7,4,'2019-05-30');
INSERT INTO order_items VALUES(1281,512,3,2,'2019-03-21');
INSERT INTO order_items VALUES(1282,512,6,3,'2019-03-21');
INSERT INTO order_items VALUES(1283,512,1,1,'2019-03-21');
INSERT INTO order_items VALUES(1284,513,6,2,'2019-03-22');
INSERT INTO order_items VALUES(1285,513,5,3,'2019-03-22');
INSERT INTO order_items VALUES(1286,513,3,1,'2019-03-22');
INSERT INTO order_items VALUES(1287,513,2,4,'2019-03-22');
INSERT INTO order_items VALUES(1288,514,4,3,'2019-03-27');
INSERT INTO order_items VALUES(1289,514,1,1,'2019-03-27');
INSERT INTO order_items VALUES(1290,514,2,2,'2019-03-27');
INSERT INTO order_items VALUES(1291,515,6,4,'2019-03-16');
INSERT INTO order_items VALUES(1292,515,5,4,'2019-03-16');
INSERT INTO order_items VALUES(1293,516,4,2,'2019-02-08');
INSERT INTO order_items VALUES(1294,517,2,4,'2019-01-02');
INSERT INTO order_items VALUES(1295,518,3,2,'2019-02-17');
INSERT INTO order_items VALUES(1296,518,7,4,'2019-02-17');
INSERT INTO order_items VALUES(1297,518,4,1,'2019-02-17');
INSERT INTO order_items VALUES(1298,518,2,2,'2019-02-17');
INSERT INTO order_items VALUES(1299,518,1,1,'2019-02-17');
INSERT INTO order_items VALUES(1300,519,5,4,'2019-01-04');
INSERT INTO order_items VALUES(1301,519,1,1,'2019-01-04');
INSERT INTO order_items VALUES(1302,519,9,4,'2019-01-04');
INSERT INTO order_items VALUES(1303,520,4,1,'2019-01-20');
INSERT INTO order_items VALUES(1304,520,1,1,'2019-01-20');
INSERT INTO order_items VALUES(1305,521,8,4,'2019-01-25');
INSERT INTO order_items VALUES(1306,522,4,2,'2019-05-23');
INSERT INTO order_items VALUES(1307,522,7,3,'2019-05-23');
INSERT INTO order_items VALUES(1308,523,6,4,'2019-04-03');
INSERT INTO order_items VALUES(1309,523,7,2,'2019-04-03');
INSERT INTO order_items VALUES(1310,524,3,1,'2019-04-19');
INSERT INTO order_items VALUES(1311,524,1,2,'2019-04-19');
INSERT INTO order_items VALUES(1312,524,7,3,'2019-04-19');
INSERT INTO order_items VALUES(1313,525,8,4,'2019-04-01');
INSERT INTO order_items VALUES(1314,526,5,2,'2019-04-17');
INSERT INTO order_items VALUES(1315,526,7,4,'2019-04-17');
INSERT INTO order_items VALUES(1316,526,8,3,'2019-04-17');
INSERT INTO order_items VALUES(1317,526,2,4,'2019-04-17');
INSERT INTO order_items VALUES(1318,527,6,4,'2019-05-10');
INSERT INTO order_items VALUES(1319,527,4,3,'2019-05-10');
INSERT INTO order_items VALUES(1320,527,3,3,'2019-05-10');
INSERT INTO order_items VALUES(1321,527,2,2,'2019-05-10');
INSERT INTO order_items VALUES(1322,528,9,3,'2019-05-20');
INSERT INTO order_items VALUES(1323,528,5,2,'2019-05-20');
INSERT INTO order_items VALUES(1324,529,6,3,'2019-02-16');
INSERT INTO order_items VALUES(1325,529,2,2,'2019-02-16');
INSERT INTO order_items VALUES(1326,529,1,2,'2019-02-16');
INSERT INTO order_items VALUES(1327,530,10,1,NULL);
INSERT INTO order_items VALUES(1328,530,5,1,'2019-06-04');
-- DELETE FROM sqlite_sequence;
-- INSERT INTO sqlite_sequence VALUES('users',128);
-- INSERT INTO sqlite_sequence VALUES('customers',124);
-- INSERT INTO sqlite_sequence VALUES('items',10);
-- INSERT INTO sqlite_sequence VALUES('item_prices',30);
-- INSERT INTO sqlite_sequence VALUES('addresses',193);
-- INSERT INTO sqlite_sequence VALUES('orders',530);
-- INSERT INTO sqlite_sequence VALUES('order_items',1328);
CREATE INDEX "index_customers_on_user_id" ON "customers" ("user_id");
CREATE INDEX "index_addresses_on_customer_id" ON "addresses" ("customer_id");
CREATE INDEX "index_item_prices_on_item_id" ON "item_prices" ("item_id");
CREATE INDEX "index_orders_on_customer_id" ON "orders" ("customer_id");
CREATE INDEX "index_orders_on_address_id" ON "orders" ("address_id");
CREATE INDEX "index_order_items_on_order_id" ON "order_items" ("order_id");
CREATE INDEX "index_order_items_on_item_id" ON "order_items" ("item_id");
COMMIT;